state_id,enero_2011,febrero_2011,marzo_2011,abril_2011,mayo_2011,junio_2011,julio_2011,agosto_2011,septiembre_2011,octubre_2011,noviembre_2011,diciembre_2011,enero_2012,febrero_2012,marzo_2012,abril_2012,mayo_2012,junio_2012,julio_2012,agosto_2012,septiembre_2012,octubre_2012,noviembre_2012,diciembre_2012,enero_2013,febrero_2013,marzo_2013,abril_2013,mayo_2013,junio_2013,julio_2013,agosto_2013,septiembre_2013,octubre_2013,noviembre_2013,diciembre_2013,enero_2014,febrero_2014,marzo_2014,abril_2014,mayo_2014,junio_2014,julio_2014,agosto_2014,septiembre_2014,octubre_2014,noviembre_2014,diciembre_2014,enero_2015,febrero_2015,marzo_2015,abril_2015,mayo_2015,junio_2015,julio_2015,agosto_2015,septiembre_2015,octubre_2015,noviembre_2015,diciembre_2015,enero_2016,febrero_2016,marzo_2016,abril_2016,mayo_2016,junio_2016,julio_2016,agosto_2016,septiembre_2016,octubre_2016,noviembre_2016,diciembre_2016
Alabama,66559.03333333334,66559.03333333334,66559.03333333334,66814.56666666667,66814.56666666667,66814.56666666667,67117.93333333333,67117.93333333333,67117.93333333333,68005.59999999999,68005.59999999999,68005.59999999999,68068.09999999999,68068.09999999999,68068.09999999999,68335.2,68335.2,68335.2,67619.3,67619.3,67619.3,67544.76666666666,67544.76666666666,67544.76666666666,69032.2,69032.2,69032.2,68875.59999999999,68875.59999999999,68875.59999999999,69328.46666666666,69328.46666666666,69328.46666666666,68714.26666666666,68714.26666666666,68714.26666666666,67747.23333333334,67747.23333333334,67747.23333333334,68655.7,68655.7,68655.7,69171.63333333333,69171.63333333333,69171.63333333333,69185.43333333333,69185.43333333333,69185.43333333333,68982.5,68982.5,68982.5,69651.96666666666,69651.96666666666,69651.96666666666,70034.0,70034.0,70034.0,69931.93333333333,69931.93333333333,69931.93333333333,70380.8,70380.8,70380.8,70933.56666666667,70933.56666666667,70933.56666666667,71080.2,71080.2,71080.2,71422.5,71422.5,71422.5
Alaska,17444.733333333334,17444.733333333334,17444.733333333334,17779.666666666668,17779.666666666668,17779.666666666668,18049.966666666667,18049.966666666667,18049.966666666667,18786.2,18786.2,18786.2,18760.166666666668,18760.166666666668,18760.166666666668,19289.666666666668,19289.666666666668,19289.666666666668,19220.966666666667,19220.966666666667,19220.966666666667,18845.666666666668,18845.666666666668,18845.666666666668,18667.0,18667.0,18667.0,18029.966666666667,18029.966666666667,18029.966666666667,18169.666666666668,18169.666666666668,18169.666666666668,17970.233333333334,17970.233333333334,17970.233333333334,17717.100000000002,17717.100000000002,17717.100000000002,17717.266666666666,17717.266666666666,17717.266666666666,17758.600000000002,17758.600000000002,17758.600000000002,17878.033333333333,17878.033333333333,17878.033333333333,18021.666666666668,18021.666666666668,18021.666666666668,17846.600000000002,17846.600000000002,17846.600000000002,17836.399999999998,17836.399999999998,17836.399999999998,17870.166666666668,17870.166666666668,17870.166666666668,18018.533333333333,18018.533333333333,18018.533333333333,17810.366666666665,17810.366666666665,17810.366666666665,17724.966666666667,17724.966666666667,17724.966666666667,17731.266666666666,17731.266666666666,17731.266666666666
Arizona,95780.06666666667,95780.06666666667,95780.06666666667,96165.36666666665,96165.36666666665,96165.36666666665,96663.36666666665,96663.36666666665,96663.36666666665,98606.23333333334,98606.23333333334,98606.23333333334,98928.03333333333,98928.03333333333,98928.03333333333,99320.56666666667,99320.56666666667,99320.56666666667,98929.93333333333,98929.93333333333,98929.93333333333,98924.43333333333,98924.43333333333,98924.43333333333,99519.63333333335,99519.63333333335,99519.63333333335,99320.90000000001,99320.90000000001,99320.90000000001,99541.09999999999,99541.09999999999,99541.09999999999,100098.26666666666,100098.26666666666,100098.26666666666,99976.26666666666,99976.26666666666,99976.26666666666,100268.09999999999,100268.09999999999,100268.09999999999,101048.0,101048.0,101048.0,101002.53333333333,101002.53333333333,101002.53333333333,102354.2,102354.2,102354.2,102832.96666666667,102832.96666666667,102832.96666666667,102552.73333333334,102552.73333333334,102552.73333333334,103703.8,103703.8,103703.8,104519.59999999999,104519.59999999999,104519.59999999999,105843.8,105843.8,105843.8,107262.36666666665,107262.36666666665,107262.36666666665,107718.73333333334,107718.73333333334,107718.73333333334
Arkansas,38112.4,38112.4,38112.4,38256.46666666667,38256.46666666667,38256.46666666667,38376.13333333333,38376.13333333333,38376.13333333333,38910.666666666664,38910.666666666664,38910.666666666664,39005.63333333333,39005.63333333333,39005.63333333333,39011.23333333333,39011.23333333333,39011.23333333333,38845.26666666667,38845.26666666667,38845.26666666667,38626.066666666666,38626.066666666666,38626.066666666666,39765.76666666667,39765.76666666667,39765.76666666667,39763.76666666667,39763.76666666667,39763.76666666667,40119.53333333333,40119.53333333333,40119.53333333333,40141.333333333336,40141.333333333336,40141.333333333336,40160.36666666667,40160.36666666667,40160.36666666667,40390.13333333333,40390.13333333333,40390.13333333333,40619.76666666667,40619.76666666667,40619.76666666667,40708.96666666667,40708.96666666667,40708.96666666667,40288.4,40288.4,40288.4,40400.166666666664,40400.166666666664,40400.166666666664,40663.200000000004,40663.200000000004,40663.200000000004,40691.6,40691.6,40691.6,40846.066666666666,40846.066666666666,40846.066666666666,40897.299999999996,40897.299999999996,40897.299999999996,40938.03333333333,40938.03333333333,40938.03333333333,41365.066666666666,41365.066666666666,41365.066666666666
California,728344.5666666668,728344.5666666668,728344.5666666668,731642.4,731642.4,731642.4,729999.7666666666,729999.7666666666,729999.7666666666,733862.8333333334,733862.8333333334,733862.8333333334,743887.8333333334,743887.8333333334,743887.8333333334,747457.1333333333,747457.1333333333,747457.1333333333,752013.0333333333,752013.0333333333,752013.0333333333,763891.7000000001,763891.7000000001,763891.7000000001,762558.7000000001,762558.7000000001,762558.7000000001,771903.7000000001,771903.7000000001,771903.7000000001,782682.1666666666,782682.1666666666,782682.1666666666,803302.5333333333,803302.5333333333,803302.5333333333,794570.6666666666,794570.6666666666,794570.6666666666,804016.2999999999,804016.2999999999,804016.2999999999,818923.7666666666,818923.7666666666,818923.7666666666,820723.5333333333,820723.5333333333,820723.5333333333,839466.5,839466.5,839466.5,850059.9,850059.9,850059.9,852041.9,852041.9,852041.9,853071.0666666668,853071.0666666668,853071.0666666668,866630.7999999999,866630.7999999999,866630.7999999999,866869.7000000001,866869.7000000001,866869.7000000001,879797.7333333334,879797.7333333334,879797.7333333334,884984.0,884984.0,884984.0
Colorado,94165.59999999999,94165.59999999999,94165.59999999999,94496.13333333335,94496.13333333335,94496.13333333335,94621.83333333333,94621.83333333333,94621.83333333333,95334.8,95334.8,95334.8,95779.7,95779.7,95779.7,96500.09999999999,96500.09999999999,96500.09999999999,96333.0,96333.0,96333.0,97173.26666666666,97173.26666666666,97173.26666666666,99410.90000000001,99410.90000000001,99410.90000000001,99684.53333333333,99684.53333333333,99684.53333333333,100927.13333333335,100927.13333333335,100927.13333333335,101956.3,101956.3,101956.3,102506.16666666667,102506.16666666667,102506.16666666667,104135.0,104135.0,104135.0,105902.8,105902.8,105902.8,107988.09999999999,107988.09999999999,107988.09999999999,109047.66666666667,109047.66666666667,109047.66666666667,109833.03333333333,109833.03333333333,109833.03333333333,110521.83333333333,110521.83333333333,110521.83333333333,111299.0,111299.0,111299.0,110824.36666666665,110824.36666666665,110824.36666666665,111357.23333333334,111357.23333333334,111357.23333333334,113274.13333333335,113274.13333333335,113274.13333333335,114791.16666666667,114791.16666666667,114791.16666666667
Connecticut,86617.8,86617.8,86617.8,87485.43333333333,87485.43333333333,87485.43333333333,87025.63333333333,87025.63333333333,87025.63333333333,87612.16666666667,87612.16666666667,87612.16666666667,87920.0,87920.0,87920.0,88055.90000000001,88055.90000000001,88055.90000000001,87722.46666666667,87722.46666666667,87722.46666666667,87834.86666666665,87834.86666666665,87834.86666666665,86619.36666666667,86619.36666666667,86619.36666666667,85899.76666666666,85899.76666666666,85899.76666666666,86408.06666666667,86408.06666666667,86408.06666666667,86287.46666666666,86287.46666666666,86287.46666666666,85150.96666666666,85150.96666666666,85150.96666666666,86304.2,86304.2,86304.2,87373.93333333333,87373.93333333333,87373.93333333333,88645.23333333334,88645.23333333334,88645.23333333334,89428.06666666667,89428.06666666667,89428.06666666667,89989.0,89989.0,89989.0,89527.06666666667,89527.06666666667,89527.06666666667,89548.86666666665,89548.86666666665,89548.86666666665,89345.86666666665,89345.86666666665,89345.86666666665,89158.3,89158.3,89158.3,89176.93333333333,89176.93333333333,89176.93333333333,89913.83333333333,89913.83333333333,89913.83333333333
Delaware,23289.399999999998,23289.399999999998,23289.399999999998,23674.933333333334,23674.933333333334,23674.933333333334,23930.066666666666,23930.066666666666,23930.066666666666,23910.233333333334,23910.233333333334,23910.233333333334,23976.533333333336,23976.533333333336,23976.533333333336,23780.3,23780.3,23780.3,23427.933333333334,23427.933333333334,23427.933333333334,22898.399999999998,22898.399999999998,22898.399999999998,22551.233333333334,22551.233333333334,22551.233333333334,22628.13333333333,22628.13333333333,22628.13333333333,22748.36666666667,22748.36666666667,22748.36666666667,23614.666666666668,23614.666666666668,23614.666666666668,23751.566666666666,23751.566666666666,23751.566666666666,24580.466666666664,24580.466666666664,24580.466666666664,25099.13333333333,25099.13333333333,25099.13333333333,25184.533333333336,25184.533333333336,25184.533333333336,25591.233333333334,25591.233333333334,25591.233333333334,25977.566666666666,25977.566666666666,25977.566666666666,25133.266666666666,25133.266666666666,25133.266666666666,24912.833333333332,24912.833333333332,24912.833333333332,24168.600000000002,24168.600000000002,24168.600000000002,24119.566666666666,24119.566666666666,24119.566666666666,23844.033333333336,23844.033333333336,23844.033333333336,23789.7,23789.7,23789.7
District of Columbia,40708.933333333334,40708.933333333334,40708.933333333334,40959.0,40959.0,40959.0,41028.799999999996,41028.799999999996,41028.799999999996,40818.433333333334,40818.433333333334,40818.433333333334,41042.200000000004,41042.200000000004,41042.200000000004,41329.73333333333,41329.73333333333,41329.73333333333,41301.433333333334,41301.433333333334,41301.433333333334,41083.76666666667,41083.76666666667,41083.76666666667,41472.9,41472.9,41472.9,41183.200000000004,41183.200000000004,41183.200000000004,41310.5,41310.5,41310.5,41493.13333333333,41493.13333333333,41493.13333333333,41966.0,41966.0,41966.0,42085.76666666667,42085.76666666667,42085.76666666667,42475.76666666667,42475.76666666667,42475.76666666667,42651.03333333333,42651.03333333333,42651.03333333333,42906.73333333333,42906.73333333333,42906.73333333333,43173.566666666666,43173.566666666666,43173.566666666666,42975.96666666667,42975.96666666667,42975.96666666667,43090.666666666664,43090.666666666664,43090.666666666664,43872.63333333333,43872.63333333333,43872.63333333333,44104.03333333333,44104.03333333333,44104.03333333333,44009.73333333334,44009.73333333334,44009.73333333334,44303.96666666667,44303.96666666667,44303.96666666667
Far West,1016860.7000000001,1016860.7000000001,1016860.7000000001,1022207.6333333333,1022207.6333333333,1022207.6333333333,1020032.3333333334,1020032.3333333334,1020032.3333333334,1028934.0,1028934.0,1028934.0,1040755.3666666667,1040755.3666666667,1040755.3666666667,1045885.2666666666,1045885.2666666666,1045885.2666666666,1051386.4333333333,1051386.4333333333,1051386.4333333333,1059879.9000000001,1059879.9000000001,1059879.9000000001,1063798.9333333333,1063798.9333333333,1063798.9333333333,1072701.9333333333,1072701.9333333333,1072701.9333333333,1086995.8333333333,1086995.8333333333,1086995.8333333333,1108846.7333333334,1108846.7333333334,1108846.7333333334,1100110.5333333334,1100110.5333333334,1100110.5333333334,1112410.5999999999,1112410.5999999999,1112410.5999999999,1132431.2333333334,1132431.2333333334,1132431.2333333334,1135756.2333333334,1135756.2333333334,1135756.2333333334,1158977.9000000001,1158977.9000000001,1158977.9000000001,1172598.6333333333,1172598.6333333333,1172598.6333333333,1177995.9333333333,1177995.9333333333,1177995.9333333333,1179452.0666666667,1179452.0666666667,1179452.0666666667,1198537.4666666666,1198537.4666666666,1198537.4666666666,1199008.7333333334,1199008.7333333334,1199008.7333333334,1215683.2333333334,1215683.2333333334,1215683.2333333334,1225837.5666666667,1225837.5666666667,1225837.5666666667
Florida,282027.9666666667,282027.9666666667,282027.9666666667,284356.73333333334,284356.73333333334,284356.73333333334,282059.93333333335,282059.93333333335,282059.93333333335,284082.4666666667,284082.4666666667,284082.4666666667,285104.0333333333,285104.0333333333,285104.0333333333,284733.86666666664,284733.86666666664,284733.86666666664,287386.39999999997,287386.39999999997,287386.39999999997,286590.8333333333,286590.8333333333,286590.8333333333,291174.89999999997,291174.89999999997,291174.89999999997,291512.26666666666,291512.26666666666,291512.26666666666,294251.3,294251.3,294251.3,296639.5333333333,296639.5333333333,296639.5333333333,296750.56666666665,296750.56666666665,296750.56666666665,300248.1666666667,300248.1666666667,300248.1666666667,303836.43333333335,303836.43333333335,303836.43333333335,306696.13333333336,306696.13333333336,306696.13333333336,309774.76666666666,309774.76666666666,309774.76666666666,314275.3333333333,314275.3333333333,314275.3333333333,317121.1666666667,317121.1666666667,317121.1666666667,320067.43333333335,320067.43333333335,320067.43333333335,320521.0333333333,320521.0333333333,320521.0333333333,324479.5,324479.5,324479.5,329029.5,329029.5,329029.5,331289.63333333336,331289.63333333336,331289.63333333336
Georgia,159420.46666666667,159420.46666666667,159420.46666666667,159805.13333333333,159805.13333333333,159805.13333333333,160636.80000000002,160636.80000000002,160636.80000000002,161758.1,161758.1,161758.1,162261.19999999998,162261.19999999998,162261.19999999998,163141.9,163141.9,163141.9,163516.13333333333,163516.13333333333,163516.13333333333,163117.16666666666,163117.16666666666,163117.16666666666,165716.1,165716.1,165716.1,165980.4,165980.4,165980.4,166782.6,166782.6,166782.6,168054.46666666667,168054.46666666667,168054.46666666667,169282.96666666667,169282.96666666667,169282.96666666667,171951.46666666667,171951.46666666667,171951.46666666667,173949.30000000002,173949.30000000002,173949.30000000002,174832.16666666666,174832.16666666666,174832.16666666666,177521.56666666665,177521.56666666665,177521.56666666665,179898.96666666667,179898.96666666667,179898.96666666667,180923.2666666667,180923.2666666667,180923.2666666667,181800.9,181800.9,181800.9,185431.69999999998,185431.69999999998,185431.69999999998,186253.9,186253.9,186253.9,187730.83333333334,187730.83333333334,187730.83333333334,189541.2333333333,189541.2333333333,189541.2333333333
Great Lakes,800555.1333333333,800555.1333333333,800555.1333333333,804251.8333333334,804251.8333333334,804251.8333333334,806547.6333333333,806547.6333333333,806547.6333333333,817477.9333333332,817477.9333333332,817477.9333333332,822177.1,822177.1,822177.1,823901.3333333334,823901.3333333334,823901.3333333334,821806.0,821806.0,821806.0,816560.9666666667,816560.9666666667,816560.9666666667,831319.5666666668,831319.5666666668,831319.5666666668,830496.7666666666,830496.7666666666,830496.7666666666,836497.2333333334,836497.2333333334,836497.2333333334,842996.2666666666,842996.2666666666,842996.2666666666,841614.5666666668,841614.5666666668,841614.5666666668,855849.9333333332,855849.9333333332,855849.9333333332,864129.9,864129.9,864129.9,864078.5,864078.5,864078.5,864156.1333333333,864156.1333333333,864156.1333333333,868936.2999999999,868936.2999999999,868936.2999999999,870433.1666666666,870433.1666666666,870433.1666666666,871396.6,871396.6,871396.6,870112.4,870112.4,870112.4,875758.0666666668,875758.0666666668,875758.0666666668,879215.0,879215.0,879215.0,884843.7666666666,884843.7666666666,884843.7666666666
Hawaii,25658.266666666666,25658.266666666666,25658.266666666666,25664.100000000002,25664.100000000002,25664.100000000002,25588.933333333334,25588.933333333334,25588.933333333334,25987.63333333333,25987.63333333333,25987.63333333333,26029.63333333333,26029.63333333333,26029.63333333333,26242.766666666666,26242.766666666666,26242.766666666666,26357.533333333336,26357.533333333336,26357.533333333336,26295.433333333334,26295.433333333334,26295.433333333334,26826.7,26826.7,26826.7,26727.899999999998,26727.899999999998,26727.899999999998,26863.566666666666,26863.566666666666,26863.566666666666,26961.63333333333,26961.63333333333,26961.63333333333,26793.733333333334,26793.733333333334,26793.733333333334,27029.466666666664,27029.466666666664,27029.466666666664,27292.2,27292.2,27292.2,27291.13333333333,27291.13333333333,27291.13333333333,27667.100000000002,27667.100000000002,27667.100000000002,27924.933333333334,27924.933333333334,27924.933333333334,28044.733333333334,28044.733333333334,28044.733333333334,28173.433333333334,28173.433333333334,28173.433333333334,28356.3,28356.3,28356.3,28508.766666666666,28508.766666666666,28508.766666666666,28612.466666666664,28612.466666666664,28612.466666666664,28749.7,28749.7,28749.7
Idaho,20861.3,20861.3,20861.3,20899.899999999998,20899.899999999998,20899.899999999998,20838.233333333334,20838.233333333334,20838.233333333334,21005.866666666665,21005.866666666665,21005.866666666665,20696.933333333334,20696.933333333334,20696.933333333334,20668.2,20668.2,20668.2,20747.166666666668,20747.166666666668,20747.166666666668,20564.066666666666,20564.066666666666,20564.066666666666,21060.7,21060.7,21060.7,21474.033333333333,21474.033333333333,21474.033333333333,21756.033333333333,21756.033333333333,21756.033333333333,22068.966666666664,22068.966666666664,22068.966666666664,22079.63333333333,22079.63333333333,22079.63333333333,22160.566666666666,22160.566666666666,22160.566666666666,22354.733333333334,22354.733333333334,22354.733333333334,22451.600000000002,22451.600000000002,22451.600000000002,22744.033333333336,22744.033333333336,22744.033333333336,22521.266666666666,22521.266666666666,22521.266666666666,22594.266666666666,22594.266666666666,22594.266666666666,22527.833333333332,22527.833333333332,22527.833333333332,23187.7,23187.7,23187.7,23387.033333333336,23387.033333333336,23387.033333333336,23699.13333333333,23699.13333333333,23699.13333333333,23649.5,23649.5,23649.5
Illinois,255439.69999999998,255439.69999999998,255439.69999999998,257364.83333333334,257364.83333333334,257364.83333333334,257136.2333333333,257136.2333333333,257136.2333333333,259693.4,259693.4,259693.4,264808.76666666666,264808.76666666666,264808.76666666666,264560.73333333334,264560.73333333334,264560.73333333334,263521.06666666665,263521.06666666665,263521.06666666665,261407.13333333333,261407.13333333333,261407.13333333333,263972.4666666667,263972.4666666667,263972.4666666667,263557.56666666665,263557.56666666665,263557.56666666665,265058.4666666667,265058.4666666667,265058.4666666667,267991.8,267991.8,267991.8,265904.73333333334,265904.73333333334,265904.73333333334,270073.39999999997,270073.39999999997,270073.39999999997,272777.43333333335,272777.43333333335,272777.43333333335,273231.23333333334,273231.23333333334,273231.23333333334,273444.5,273444.5,273444.5,274885.0,274885.0,274885.0,276671.9666666667,276671.9666666667,276671.9666666667,275565.10000000003,275565.10000000003,275565.10000000003,274729.3333333333,274729.3333333333,274729.3333333333,275146.60000000003,275146.60000000003,275146.60000000003,274682.76666666666,274682.76666666666,274682.76666666666,277314.23333333334,277314.23333333334,277314.23333333334
Indiana,107109.96666666667,107109.96666666667,107109.96666666667,106947.59999999999,106947.59999999999,106947.59999999999,106783.53333333333,106783.53333333333,106783.53333333333,107869.26666666666,107869.26666666666,107869.26666666666,108158.26666666666,108158.26666666666,108158.26666666666,108606.09999999999,108606.09999999999,108606.09999999999,108155.09999999999,108155.09999999999,108155.09999999999,106915.53333333333,106915.53333333333,106915.53333333333,110945.86666666665,110945.86666666665,110945.86666666665,110222.96666666667,110222.96666666667,110222.96666666667,111359.46666666667,111359.46666666667,111359.46666666667,111748.2,111748.2,111748.2,112665.03333333333,112665.03333333333,112665.03333333333,114868.09999999999,114868.09999999999,114868.09999999999,115862.3,115862.3,115862.3,115041.59999999999,115041.59999999999,115041.59999999999,113678.5,113678.5,113678.5,114005.26666666666,114005.26666666666,114005.26666666666,113451.66666666667,113451.66666666667,113451.66666666667,113804.8,113804.8,113804.8,114344.46666666667,114344.46666666667,114344.46666666667,115493.56666666667,115493.56666666667,115493.56666666667,116950.5,116950.5,116950.5,117797.03333333333,117797.03333333333,117797.03333333333
Iowa,54217.799999999996,54217.799999999996,54217.799999999996,54294.299999999996,54294.299999999996,54294.299999999996,54665.26666666666,54665.26666666666,54665.26666666666,56235.0,56235.0,56235.0,56974.666666666664,56974.666666666664,56974.666666666664,57700.6,57700.6,57700.6,57175.5,57175.5,57175.5,56047.56666666667,56047.56666666667,56047.56666666667,56733.73333333334,56733.73333333334,56733.73333333334,56480.799999999996,56480.799999999996,56480.799999999996,57152.6,57152.6,57152.6,57725.06666666667,57725.06666666667,57725.06666666667,58159.1,58159.1,58159.1,60239.200000000004,60239.200000000004,60239.200000000004,61017.53333333333,61017.53333333333,61017.53333333333,60997.43333333333,60997.43333333333,60997.43333333333,61594.166666666664,61594.166666666664,61594.166666666664,61705.93333333333,61705.93333333333,61705.93333333333,62181.299999999996,62181.299999999996,62181.299999999996,62504.200000000004,62504.200000000004,62504.200000000004,62104.93333333333,62104.93333333333,62104.93333333333,61849.46666666667,61849.46666666667,61849.46666666667,62679.96666666667,62679.96666666667,62679.96666666667,62338.799999999996,62338.799999999996,62338.799999999996
Kansas,48646.26666666666,48646.26666666666,48646.26666666666,49486.76666666666,49486.76666666666,49486.76666666666,49392.96666666667,49392.96666666667,49392.96666666667,49589.73333333334,49589.73333333334,49589.73333333334,51580.86666666667,51580.86666666667,51580.86666666667,50635.5,50635.5,50635.5,49000.03333333333,49000.03333333333,49000.03333333333,48886.36666666667,48886.36666666667,48886.36666666667,49638.43333333333,49638.43333333333,49638.43333333333,49979.666666666664,49979.666666666664,49979.666666666664,50301.1,50301.1,50301.1,51018.0,51018.0,51018.0,49834.03333333333,49834.03333333333,49834.03333333333,50989.0,50989.0,50989.0,52056.46666666667,52056.46666666667,52056.46666666667,52600.63333333333,52600.63333333333,52600.63333333333,51737.56666666667,51737.56666666667,51737.56666666667,52793.06666666667,52793.06666666667,52793.06666666667,53283.0,53283.0,53283.0,53656.46666666667,53656.46666666667,53656.46666666667,53828.799999999996,53828.799999999996,53828.799999999996,54769.5,54769.5,54769.5,55369.0,55369.0,55369.0,55557.63333333333,55557.63333333333,55557.63333333333
Kentucky,62315.26666666666,62315.26666666666,62315.26666666666,62476.333333333336,62476.333333333336,62476.333333333336,62616.86666666667,62616.86666666667,62616.86666666667,63777.9,63777.9,63777.9,64140.26666666666,64140.26666666666,64140.26666666666,64351.03333333333,64351.03333333333,64351.03333333333,64094.333333333336,64094.333333333336,64094.333333333336,63494.56666666667,63494.56666666667,63494.56666666667,65882.93333333333,65882.93333333333,65882.93333333333,65389.73333333334,65389.73333333334,65389.73333333334,65569.53333333334,65569.53333333334,65569.53333333334,65421.86666666667,65421.86666666667,65421.86666666667,65036.93333333333,65036.93333333333,65036.93333333333,65721.06666666667,65721.06666666667,65721.06666666667,65877.63333333333,65877.63333333333,65877.63333333333,65758.8,65758.8,65758.8,65923.86666666667,65923.86666666667,65923.86666666667,66660.90000000001,66660.90000000001,66660.90000000001,66637.33333333333,66637.33333333333,66637.33333333333,66760.73333333334,66760.73333333334,66760.73333333334,65995.43333333333,65995.43333333333,65995.43333333333,66886.8,66886.8,66886.8,67578.8,67578.8,67578.8,67548.5,67548.5,67548.5
Louisiana,81218.0,81218.0,81218.0,80248.0,80248.0,80248.0,79474.06666666667,79474.06666666667,79474.06666666667,80707.76666666666,80707.76666666666,80707.76666666666,81664.43333333333,81664.43333333333,81664.43333333333,82169.86666666667,82169.86666666667,82169.86666666667,80165.93333333333,80165.93333333333,80165.93333333333,79222.23333333334,79222.23333333334,79222.23333333334,79186.43333333333,79186.43333333333,79186.43333333333,78417.33333333333,78417.33333333333,78417.33333333333,78637.90000000001,78637.90000000001,78637.90000000001,79068.03333333334,79068.03333333334,79068.03333333334,78749.86666666667,78749.86666666667,78749.86666666667,80952.63333333333,80952.63333333333,80952.63333333333,82082.13333333333,82082.13333333333,82082.13333333333,82272.56666666667,82272.56666666667,82272.56666666667,80802.26666666666,80802.26666666666,80802.26666666666,79915.86666666667,79915.86666666667,79915.86666666667,79746.73333333334,79746.73333333334,79746.73333333334,78980.66666666667,78980.66666666667,78980.66666666667,78638.86666666667,78638.86666666667,78638.86666666667,78451.33333333333,78451.33333333333,78451.33333333333,78394.33333333333,78394.33333333333,78394.33333333333,78587.7,78587.7,78587.7
Maine,19795.866666666665,19795.866666666665,19795.866666666665,19738.433333333334,19738.433333333334,19738.433333333334,19709.7,19709.7,19709.7,19995.633333333335,19995.633333333335,19995.633333333335,19833.266666666666,19833.266666666666,19833.266666666666,19947.233333333334,19947.233333333334,19947.233333333334,19752.166666666668,19752.166666666668,19752.166666666668,19376.266666666666,19376.266666666666,19376.266666666666,19745.333333333332,19745.333333333332,19745.333333333332,19555.966666666667,19555.966666666667,19555.966666666667,19648.866666666665,19648.866666666665,19648.866666666665,19735.100000000002,19735.100000000002,19735.100000000002,19626.533333333333,19626.533333333333,19626.533333333333,19761.100000000002,19761.100000000002,19761.100000000002,19948.266666666666,19948.266666666666,19948.266666666666,20117.2,20117.2,20117.2,19909.466666666667,19909.466666666667,19909.466666666667,20163.899999999998,20163.899999999998,20163.899999999998,20248.666666666668,20248.666666666668,20248.666666666668,20428.600000000002,20428.600000000002,20428.600000000002,20500.600000000002,20500.600000000002,20500.600000000002,20717.600000000002,20717.600000000002,20717.600000000002,20674.033333333333,20674.033333333333,20674.033333333333,20823.866666666665,20823.866666666665,20823.866666666665
Maryland,118858.06666666667,118858.06666666667,118858.06666666667,120087.46666666667,120087.46666666667,120087.46666666667,120315.26666666666,120315.26666666666,120315.26666666666,120947.0,120947.0,120947.0,121100.83333333333,121100.83333333333,121100.83333333333,120059.5,120059.5,120059.5,121064.33333333333,121064.33333333333,121064.33333333333,119857.73333333334,119857.73333333334,119857.73333333334,121431.56666666667,121431.56666666667,121431.56666666667,120975.96666666667,120975.96666666667,120975.96666666667,121667.86666666665,121667.86666666665,121667.86666666665,122102.26666666666,122102.26666666666,122102.26666666666,121684.56666666667,121684.56666666667,121684.56666666667,123506.56666666667,123506.56666666667,123506.56666666667,124654.86666666665,124654.86666666665,124654.86666666665,123945.93333333333,123945.93333333333,123945.93333333333,125527.09999999999,125527.09999999999,125527.09999999999,125726.36666666665,125726.36666666665,125726.36666666665,126479.59999999999,126479.59999999999,126479.59999999999,127261.46666666667,127261.46666666667,127261.46666666667,128784.23333333334,128784.23333333334,128784.23333333334,130199.7,130199.7,130199.7,131252.9,131252.9,131252.9,132364.43333333332,132364.43333333332,132364.43333333332
Massachusetts,154360.76666666666,154360.76666666666,154360.76666666666,159231.96666666667,159231.96666666667,159231.96666666667,157060.19999999998,157060.19999999998,157060.19999999998,159566.06666666668,159566.06666666668,159566.06666666668,159955.30000000002,159955.30000000002,159955.30000000002,161479.46666666667,161479.46666666667,161479.46666666667,161860.16666666666,161860.16666666666,161860.16666666666,161086.83333333334,161086.83333333334,161086.83333333334,161380.0,161380.0,161380.0,161484.06666666668,161484.06666666668,161484.06666666668,162929.9,162929.9,162929.9,163528.4,163528.4,163528.4,162467.03333333333,162467.03333333333,162467.03333333333,163873.13333333333,163873.13333333333,163873.13333333333,166506.56666666668,166506.56666666668,166506.56666666668,168821.16666666666,168821.16666666666,168821.16666666666,169815.93333333332,169815.93333333332,169815.93333333332,171686.23333333334,171686.23333333334,171686.23333333334,171334.69999999998,171334.69999999998,171334.69999999998,173028.13333333333,173028.13333333333,173028.13333333333,172478.83333333334,172478.83333333334,172478.83333333334,173496.06666666668,173496.06666666668,173496.06666666668,175118.43333333335,175118.43333333335,175118.43333333335,174457.03333333333,174457.03333333333,174457.03333333333
Michigan,150347.1,150347.1,150347.1,149979.33333333334,149979.33333333334,149979.33333333334,150545.4,150545.4,150545.4,154446.93333333332,154446.93333333332,154446.93333333332,154106.66666666666,154106.66666666666,154106.66666666666,154431.0,154431.0,154431.0,154807.96666666667,154807.96666666667,154807.96666666667,154391.13333333333,154391.13333333333,154391.13333333333,157087.1,157087.1,157087.1,157016.63333333333,157016.63333333333,157016.63333333333,157938.86666666667,157938.86666666667,157938.86666666667,158330.56666666668,158330.56666666668,158330.56666666668,157589.06666666668,157589.06666666668,157589.06666666668,159927.9,159927.9,159927.9,161096.23333333334,161096.23333333334,161096.23333333334,160766.69999999998,160766.69999999998,160766.69999999998,161958.26666666666,161958.26666666666,161958.26666666666,163476.46666666667,163476.46666666667,163476.46666666667,164267.80000000002,164267.80000000002,164267.80000000002,164455.73333333334,164455.73333333334,164455.73333333334,164678.56666666668,164678.56666666668,164678.56666666668,166961.80000000002,166961.80000000002,166961.80000000002,167076.16666666666,167076.16666666666,167076.16666666666,168162.86666666667,168162.86666666667,168162.86666666667
Mideast,1069110.2,1069110.2,1069110.2,1070647.0,1070647.0,1070647.0,1071369.7666666666,1071369.7666666666,1071369.7666666666,1081548.3666666667,1081548.3666666667,1081548.3666666667,1091087.9666666666,1091087.9666666666,1091087.9666666666,1098492.7333333334,1098492.7333333334,1098492.7333333334,1106330.9000000001,1106330.9000000001,1106330.9000000001,1105813.7666666666,1105813.7666666666,1105813.7666666666,1104817.2,1104817.2,1104817.2,1107427.7,1107427.7,1107427.7,1111653.0666666667,1111653.0666666667,1111653.0666666667,1122114.3666666667,1122114.3666666667,1122114.3666666667,1115967.8333333333,1115967.8333333333,1115967.8333333333,1126810.8,1126810.8,1126810.8,1139084.0,1139084.0,1139084.0,1145967.8666666667,1145967.8666666667,1145967.8666666667,1148808.7,1148808.7,1148808.7,1158283.4000000001,1158283.4000000001,1158283.4000000001,1159041.2666666666,1159041.2666666666,1159041.2666666666,1154387.9666666666,1154387.9666666666,1154387.9666666666,1169050.8666666667,1169050.8666666667,1169050.8666666667,1171792.4000000001,1171792.4000000001,1171792.4000000001,1172537.1666666667,1172537.1666666667,1172537.1666666667,1178065.5999999999,1178065.5999999999,1178065.5999999999
Minnesota,103942.5,103942.5,103942.5,105781.26666666666,105781.26666666666,105781.26666666666,105001.59999999999,105001.59999999999,105001.59999999999,105559.06666666667,105559.06666666667,105559.06666666667,106897.06666666667,106897.06666666667,106897.06666666667,106886.83333333333,106886.83333333333,106886.83333333333,107365.33333333333,107365.33333333333,107365.33333333333,106922.53333333333,106922.53333333333,106922.53333333333,108236.66666666667,108236.66666666667,108236.66666666667,109060.0,109060.0,109060.0,111033.73333333334,111033.73333333334,111033.73333333334,111368.93333333333,111368.93333333333,111368.93333333333,110808.2,110808.2,110808.2,112662.40000000001,112662.40000000001,112662.40000000001,114214.0,114214.0,114214.0,113813.93333333333,113813.93333333333,113813.93333333333,115120.59999999999,115120.59999999999,115120.59999999999,114665.40000000001,114665.40000000001,114665.40000000001,115110.36666666665,115110.36666666665,115110.36666666665,115711.96666666667,115711.96666666667,115711.96666666667,115533.66666666667,115533.66666666667,115533.66666666667,116002.03333333333,116002.03333333333,116002.03333333333,117985.26666666666,117985.26666666666,117985.26666666666,117950.5,117950.5,117950.5
Mississippi,35260.799999999996,35260.799999999996,35260.799999999996,35353.566666666666,35353.566666666666,35353.566666666666,35434.5,35434.5,35434.5,35939.23333333333,35939.23333333333,35939.23333333333,36587.833333333336,36587.833333333336,36587.833333333336,36513.6,36513.6,36513.6,36167.4,36167.4,36167.4,35593.1,35593.1,35593.1,36475.200000000004,36475.200000000004,36475.200000000004,35982.200000000004,35982.200000000004,35982.200000000004,36710.26666666667,36710.26666666667,36710.26666666667,36209.23333333333,36209.23333333333,36209.23333333333,36003.166666666664,36003.166666666664,36003.166666666664,36667.933333333334,36667.933333333334,36667.933333333334,36526.066666666666,36526.066666666666,36526.066666666666,36535.6,36535.6,36535.6,36268.76666666667,36268.76666666667,36268.76666666667,36476.26666666667,36476.26666666667,36476.26666666667,36594.26666666667,36594.26666666667,36594.26666666667,36529.63333333333,36529.63333333333,36529.63333333333,36794.166666666664,36794.166666666664,36794.166666666664,36624.333333333336,36624.333333333336,36624.333333333336,36530.13333333333,36530.13333333333,36530.13333333333,36599.4,36599.4,36599.4
Missouri,97228.8,97228.8,97228.8,97543.66666666667,97543.66666666667,97543.66666666667,97492.0,97492.0,97492.0,98381.2,98381.2,98381.2,99058.06666666667,99058.06666666667,99058.06666666667,99043.40000000001,99043.40000000001,99043.40000000001,98587.5,98587.5,98587.5,98663.40000000001,98663.40000000001,98663.40000000001,100654.16666666667,100654.16666666667,100654.16666666667,100521.43333333333,100521.43333333333,100521.43333333333,100721.96666666667,100721.96666666667,100721.96666666667,100803.3,100803.3,100803.3,99697.06666666667,99697.06666666667,99697.06666666667,100812.53333333333,100812.53333333333,100812.53333333333,101889.93333333333,101889.93333333333,101889.93333333333,102424.26666666666,102424.26666666666,102424.26666666666,102476.73333333334,102476.73333333334,102476.73333333334,102921.36666666665,102921.36666666665,102921.36666666665,103081.93333333333,103081.93333333333,103081.93333333333,102199.86666666665,102199.86666666665,102199.86666666665,102764.59999999999,102764.59999999999,102764.59999999999,102482.26666666666,102482.26666666666,102482.26666666666,102566.16666666667,102566.16666666667,102566.16666666667,103418.03333333333,103418.03333333333,103418.03333333333
Montana,14418.5,14418.5,14418.5,14433.6,14433.6,14433.6,14438.0,14438.0,14438.0,14752.800000000001,14752.800000000001,14752.800000000001,14808.933333333334,14808.933333333334,14808.933333333334,14725.966666666667,14725.966666666667,14725.966666666667,14791.766666666668,14791.766666666668,14791.766666666668,14778.766666666668,14778.766666666668,14778.766666666668,14971.633333333333,14971.633333333333,14971.633333333333,14995.966666666667,14995.966666666667,14995.966666666667,15063.533333333333,15063.533333333333,15063.533333333333,15121.800000000001,15121.800000000001,15121.800000000001,15160.1,15160.1,15160.1,15337.800000000001,15337.800000000001,15337.800000000001,15456.333333333334,15456.333333333334,15456.333333333334,15601.333333333334,15601.333333333334,15601.333333333334,15903.266666666668,15903.266666666668,15903.266666666668,15968.266666666668,15968.266666666668,15968.266666666668,16030.1,16030.1,16030.1,15785.833333333334,15785.833333333334,15785.833333333334,15692.966666666667,15692.966666666667,15692.966666666667,15538.666666666666,15538.666666666666,15538.666666666666,15696.266666666668,15696.266666666668,15696.266666666668,15991.6,15991.6,15991.6
Nebraska,36513.53333333333,36513.53333333333,36513.53333333333,36403.1,36403.1,36403.1,36296.6,36296.6,36296.6,37099.03333333333,37099.03333333333,37099.03333333333,36503.4,36503.4,36503.4,36827.200000000004,36827.200000000004,36827.200000000004,36438.700000000004,36438.700000000004,36438.700000000004,36479.1,36479.1,36479.1,37139.799999999996,37139.799999999996,37139.799999999996,37029.6,37029.6,37029.6,37267.23333333333,37267.23333333333,37267.23333333333,37073.0,37073.0,37073.0,38000.36666666667,38000.36666666667,38000.36666666667,38649.566666666666,38649.566666666666,38649.566666666666,38645.86666666667,38645.86666666667,38645.86666666667,38906.76666666667,38906.76666666667,38906.76666666667,39469.86666666667,39469.86666666667,39469.86666666667,39911.63333333333,39911.63333333333,39911.63333333333,40068.46666666667,40068.46666666667,40068.46666666667,40071.166666666664,40071.166666666664,40071.166666666664,39788.63333333333,39788.63333333333,39788.63333333333,40075.23333333333,40075.23333333333,40075.23333333333,40648.700000000004,40648.700000000004,40648.700000000004,41224.9,41224.9,41224.9
Nevada,47667.06666666667,47667.06666666667,47667.06666666667,48567.666666666664,48567.666666666664,48567.666666666664,48136.666666666664,48136.666666666664,48136.666666666664,48083.53333333333,48083.53333333333,48083.53333333333,47954.9,47954.9,47954.9,47746.299999999996,47746.299999999996,47746.299999999996,47644.86666666667,47644.86666666667,47644.86666666667,47302.03333333333,47302.03333333333,47302.03333333333,48055.86666666667,48055.86666666667,48055.86666666667,47828.26666666666,47828.26666666666,47828.26666666666,48155.9,48155.9,48155.9,48692.333333333336,48692.333333333336,48692.333333333336,47841.03333333333,47841.03333333333,47841.03333333333,48123.76666666666,48123.76666666666,48123.76666666666,48591.96666666667,48591.96666666667,48591.96666666667,49181.333333333336,49181.333333333336,49181.333333333336,49471.63333333333,49471.63333333333,49471.63333333333,50231.333333333336,50231.333333333336,50231.333333333336,50581.1,50581.1,50581.1,51123.76666666666,51123.76666666666,51123.76666666666,51070.56666666667,51070.56666666667,51070.56666666667,51406.43333333333,51406.43333333333,51406.43333333333,52757.5,52757.5,52757.5,52775.36666666667,52775.36666666667,52775.36666666667
New England,313613.8,313613.8,313613.8,320382.8,320382.8,320382.8,317485.10000000003,317485.10000000003,317485.10000000003,321578.2,321578.2,321578.2,321660.5,321660.5,321660.5,323714.3333333333,323714.3333333333,323714.3333333333,323618.39999999997,323618.39999999997,323618.39999999997,322446.86666666664,322446.86666666664,322446.86666666664,322386.86666666664,322386.86666666664,322386.86666666664,321420.1666666667,321420.1666666667,321420.1666666667,323716.6666666667,323716.6666666667,323716.6666666667,324431.8,324431.8,324431.8,321821.36666666664,321821.36666666664,321821.36666666664,325275.89999999997,325275.89999999997,325275.89999999997,329335.93333333335,329335.93333333335,329335.93333333335,333895.0333333333,333895.0333333333,333895.0333333333,335053.2,335053.2,335053.2,338359.3,338359.3,338359.3,337725.63333333336,337725.63333333336,337725.63333333336,340311.8333333333,340311.8333333333,340311.8333333333,339077.8,339077.8,339077.8,340477.43333333335,340477.43333333335,340477.43333333335,342635.0333333333,342635.0333333333,342635.0333333333,342575.39999999997,342575.39999999997,342575.39999999997
New Hampshire,24124.233333333334,24124.233333333334,24124.233333333334,24562.3,24562.3,24562.3,24438.13333333333,24438.13333333333,24438.13333333333,24828.63333333333,24828.63333333333,24828.63333333333,24465.833333333332,24465.833333333332,24465.833333333332,24568.066666666666,24568.066666666666,24568.066666666666,24746.600000000002,24746.600000000002,24746.600000000002,24996.566666666666,24996.566666666666,24996.566666666666,25059.033333333336,25059.033333333336,25059.033333333336,25076.3,25076.3,25076.3,25231.399999999998,25231.399999999998,25231.399999999998,25304.5,25304.5,25304.5,25078.666666666668,25078.666666666668,25078.666666666668,25680.566666666666,25680.566666666666,25680.566666666666,25572.666666666668,25572.666666666668,25572.666666666668,26116.399999999998,26116.399999999998,26116.399999999998,25881.899999999998,25881.899999999998,25881.899999999998,26375.933333333334,26375.933333333334,26375.933333333334,26468.466666666664,26468.466666666664,26468.466666666664,27032.8,27032.8,27032.8,26728.600000000002,26728.600000000002,26728.600000000002,26909.899999999998,26909.899999999998,26909.899999999998,27093.600000000002,27093.600000000002,27093.600000000002,26916.066666666666,26916.066666666666,26916.066666666666
New Jersey,181159.2333333333,181159.2333333333,181159.2333333333,182579.63333333333,182579.63333333333,182579.63333333333,182490.43333333335,182490.43333333335,182490.43333333335,185076.5,185076.5,185076.5,186922.03333333333,186922.03333333333,186922.03333333333,186640.19999999998,186640.19999999998,186640.19999999998,188236.5,188236.5,188236.5,185840.9,185840.9,185840.9,191079.63333333333,191079.63333333333,191079.63333333333,189819.83333333334,189819.83333333334,189819.83333333334,189828.66666666666,189828.66666666666,189828.66666666666,190541.7666666667,190541.7666666667,190541.7666666667,188499.46666666667,188499.46666666667,188499.46666666667,190055.1,190055.1,190055.1,190980.9,190980.9,190980.9,191393.06666666665,191393.06666666665,191393.06666666665,192724.03333333333,192724.03333333333,192724.03333333333,194136.30000000002,194136.30000000002,194136.30000000002,194390.83333333334,194390.83333333334,194390.83333333334,193968.7666666667,193968.7666666667,193968.7666666667,195486.7333333333,195486.7333333333,195486.7333333333,195193.6,195193.6,195193.6,195913.03333333333,195913.03333333333,195913.03333333333,196139.5,196139.5,196139.5
New Mexico,29699.7,29699.7,29699.7,30196.166666666668,30196.166666666668,30196.166666666668,30249.8,30249.8,30249.8,30590.733333333334,30590.733333333334,30590.733333333334,30317.3,30317.3,30317.3,30660.433333333334,30660.433333333334,30660.433333333334,30223.63333333333,30223.63333333333,30223.63333333333,29815.13333333333,29815.13333333333,29815.13333333333,29931.86666666667,29931.86666666667,29931.86666666667,29936.766666666666,29936.766666666666,29936.766666666666,29986.233333333334,29986.233333333334,29986.233333333334,30283.86666666667,30283.86666666667,30283.86666666667,30205.13333333333,30205.13333333333,30205.13333333333,30597.5,30597.5,30597.5,31070.7,31070.7,31070.7,31621.433333333334,31621.433333333334,31621.433333333334,31328.833333333332,31328.833333333332,31328.833333333332,31159.5,31159.5,31159.5,31147.033333333336,31147.033333333336,31147.033333333336,31036.466666666664,31036.466666666664,31036.466666666664,31098.033333333336,31098.033333333336,31098.033333333336,31070.466666666664,31070.466666666664,31070.466666666664,30913.066666666666,30913.066666666666,30913.066666666666,30976.433333333334,30976.433333333334,30976.433333333334
New York,482827.6333333333,482827.6333333333,482827.6333333333,478183.93333333335,478183.93333333335,478183.93333333335,477273.2,477273.2,477273.2,482177.6333333333,482177.6333333333,482177.6333333333,489025.0,489025.0,489025.0,496729.5333333334,496729.5333333334,496729.5333333334,501824.43333333335,501824.43333333335,501824.43333333335,507461.2,507461.2,507461.2,495708.56666666665,495708.56666666665,495708.56666666665,498390.0,498390.0,498390.0,500794.23333333334,500794.23333333334,500794.23333333334,507531.26666666666,507531.26666666666,507531.26666666666,504054.43333333335,504054.43333333335,504054.43333333335,507889.8,507889.8,507889.8,514678.23333333334,514678.23333333334,514678.23333333334,520545.4666666666,520545.4666666666,520545.4666666666,518411.23333333334,518411.23333333334,518411.23333333334,524735.3333333334,524735.3333333334,524735.3333333334,525253.6,525253.6,525253.6,519380.06666666665,519380.06666666665,519380.06666666665,530025.6,530025.6,530025.6,530989.7666666667,530989.7666666667,530989.7666666667,528047.1666666666,528047.1666666666,528047.1666666666,531694.5333333333,531694.5333333333,531694.5333333333
North Carolina,161185.80000000002,161185.80000000002,161185.80000000002,162830.06666666668,162830.06666666668,162830.06666666668,160711.46666666667,160711.46666666667,160711.46666666667,160873.03333333333,160873.03333333333,160873.03333333333,163820.26666666666,163820.26666666666,163820.26666666666,162285.76666666666,162285.76666666666,162285.76666666666,162977.19999999998,162977.19999999998,162977.19999999998,161752.13333333333,161752.13333333333,161752.13333333333,163969.26666666666,163969.26666666666,163969.26666666666,164664.53333333333,164664.53333333333,164664.53333333333,166831.16666666666,166831.16666666666,166831.16666666666,167810.46666666667,167810.46666666667,167810.46666666667,168296.69999999998,168296.69999999998,168296.69999999998,169023.46666666667,169023.46666666667,169023.46666666667,171057.96666666667,171057.96666666667,171057.96666666667,171331.73333333334,171331.73333333334,171331.73333333334,174252.26666666666,174252.26666666666,174252.26666666666,175062.5,175062.5,175062.5,175464.33333333334,175464.33333333334,175464.33333333334,175526.4,175526.4,175526.4,177785.33333333334,177785.33333333334,177785.33333333334,177529.19999999998,177529.19999999998,177529.19999999998,178953.9,178953.9,178953.9,180809.56666666665,180809.56666666665,180809.56666666665
North Dakota,13546.033333333333,13546.033333333333,13546.033333333333,13982.0,13982.0,13982.0,14513.6,14513.6,14513.6,15692.266666666668,15692.266666666668,15692.266666666668,16757.766666666666,16757.766666666666,16757.766666666666,17816.2,17816.2,17816.2,18195.233333333334,18195.233333333334,18195.233333333334,18333.2,18333.2,18333.2,17691.666666666668,17691.666666666668,17691.666666666668,18008.3,18008.3,18008.3,18496.866666666665,18496.866666666665,18496.866666666665,18724.399999999998,18724.399999999998,18724.399999999998,19101.733333333334,19101.733333333334,19101.733333333334,19946.533333333333,19946.533333333333,19946.533333333333,20365.333333333332,20365.333333333332,20365.333333333332,20843.666666666668,20843.666666666668,20843.666666666668,20419.433333333334,20419.433333333334,20419.433333333334,19556.0,19556.0,19556.0,19231.366666666665,19231.366666666665,19231.366666666665,19052.466666666667,19052.466666666667,19052.466666666667,18558.933333333334,18558.933333333334,18558.933333333334,18039.066666666666,18039.066666666666,18039.066666666666,18178.166666666668,18178.166666666668,18178.166666666668,18231.866666666665,18231.866666666665,18231.866666666665
Ohio,190877.96666666667,190877.96666666667,190877.96666666667,192432.2333333333,192432.2333333333,192432.2333333333,193793.16666666666,193793.16666666666,193793.16666666666,196565.1,196565.1,196565.1,195110.19999999998,195110.19999999998,195110.19999999998,196141.13333333333,196141.13333333333,196141.13333333333,195972.53333333333,195972.53333333333,195972.53333333333,194830.69999999998,194830.69999999998,194830.69999999998,199342.93333333335,199342.93333333335,199342.93333333335,199701.66666666666,199701.66666666666,199701.66666666666,201571.03333333333,201571.03333333333,201571.03333333333,203460.83333333334,203460.83333333334,203460.83333333334,204425.1,204425.1,204425.1,207672.03333333333,207672.03333333333,207672.03333333333,210473.33333333334,210473.33333333334,210473.33333333334,210727.4,210727.4,210727.4,210289.63333333333,210289.63333333333,210289.63333333333,211372.69999999998,211372.69999999998,211372.69999999998,210728.1,210728.1,210728.1,211975.93333333335,211975.93333333335,211975.93333333335,210504.66666666666,210504.66666666666,210504.66666666666,212043.83333333334,212043.83333333334,212043.83333333334,213458.96666666667,213458.96666666667,213458.96666666667,214869.19999999998,214869.19999999998,214869.19999999998
Oklahoma,52637.26666666666,52637.26666666666,52637.26666666666,54051.96666666667,54051.96666666667,54051.96666666667,55170.53333333333,55170.53333333333,55170.53333333333,56619.299999999996,56619.299999999996,56619.299999999996,56977.96666666667,56977.96666666667,56977.96666666667,57517.799999999996,57517.799999999996,57517.799999999996,57124.9,57124.9,57124.9,57734.06666666667,57734.06666666667,57734.06666666667,58418.43333333333,58418.43333333333,58418.43333333333,58162.700000000004,58162.700000000004,58162.700000000004,58341.833333333336,58341.833333333336,58341.833333333336,59859.43333333333,59859.43333333333,59859.43333333333,59862.4,59862.4,59862.4,61046.299999999996,61046.299999999996,61046.299999999996,63355.833333333336,63355.833333333336,63355.833333333336,64501.4,64501.4,64501.4,64479.86666666667,64479.86666666667,64479.86666666667,63677.799999999996,63677.799999999996,63677.799999999996,65006.46666666667,65006.46666666667,65006.46666666667,65225.96666666667,65225.96666666667,65225.96666666667,63939.23333333334,63939.23333333334,63939.23333333334,63409.1,63409.1,63409.1,63115.5,63115.5,63115.5,62994.13333333333,62994.13333333333,62994.13333333333
Oregon,61871.4,61871.4,61871.4,62000.03333333333,62000.03333333333,62000.03333333333,61526.13333333333,61526.13333333333,61526.13333333333,62548.26666666666,62548.26666666666,62548.26666666666,62857.93333333333,62857.93333333333,62857.93333333333,62783.03333333333,62783.03333333333,62783.03333333333,62631.0,62631.0,62631.0,61531.23333333334,61531.23333333334,61531.23333333334,62592.333333333336,62592.333333333336,62592.333333333336,62805.86666666667,62805.86666666667,62805.86666666667,63359.73333333334,63359.73333333334,63359.73333333334,64055.06666666667,64055.06666666667,64055.06666666667,64024.799999999996,64024.799999999996,64024.799999999996,64970.93333333333,64970.93333333333,64970.93333333333,65931.73333333334,65931.73333333334,65931.73333333334,66150.16666666667,66150.16666666667,66150.16666666667,67769.59999999999,67769.59999999999,67769.59999999999,68035.43333333333,68035.43333333333,68035.43333333333,69130.53333333334,69130.53333333334,69130.53333333334,69173.5,69173.5,69173.5,70973.43333333333,70973.43333333333,70973.43333333333,71184.63333333333,71184.63333333333,71184.63333333333,71583.90000000001,71583.90000000001,71583.90000000001,72617.13333333333,72617.13333333333,72617.13333333333
Pennsylvania,222378.56666666665,222378.56666666665,222378.56666666665,225023.1,225023.1,225023.1,226135.2333333333,226135.2333333333,226135.2333333333,228420.9,228420.9,228420.9,228951.2666666667,228951.2666666667,228951.2666666667,230049.43333333335,230049.43333333335,230049.43333333335,230631.1,230631.1,230631.1,229044.19999999998,229044.19999999998,229044.19999999998,232478.03333333333,232478.03333333333,232478.03333333333,234353.6,234353.6,234353.6,235243.5,235243.5,235243.5,236851.56666666665,236851.56666666665,236851.56666666665,236021.93333333335,236021.93333333335,236021.93333333335,238691.2666666667,238691.2666666667,238691.2666666667,241222.19999999998,241222.19999999998,241222.19999999998,242320.03333333333,242320.03333333333,242320.03333333333,243664.80000000002,243664.80000000002,243664.80000000002,244591.4,244591.4,244591.4,244848.13333333333,244848.13333333333,244848.13333333333,245755.7666666667,245755.7666666667,245755.7666666667,246725.06666666665,246725.06666666665,246725.06666666665,247191.0,247191.0,247191.0,249452.4,249452.4,249452.4,249761.03333333333,249761.03333333333,249761.03333333333
Plains,369309.1333333333,369309.1333333333,369309.1333333333,372928.23333333334,372928.23333333334,372928.23333333334,372886.3333333333,372886.3333333333,372886.3333333333,378823.06666666665,378823.06666666665,378823.06666666665,384176.10000000003,384176.10000000003,384176.10000000003,385275.6333333333,385275.6333333333,385275.6333333333,382260.6333333333,382260.6333333333,382260.6333333333,381479.1333333333,381479.1333333333,381479.1333333333,386047.93333333335,386047.93333333335,386047.93333333335,387173.3666666667,387173.3666666667,387173.3666666667,391112.8666666667,391112.8666666667,391112.8666666667,392881.1333333333,392881.1333333333,392881.1333333333,392230.8333333333,392230.8333333333,392230.8333333333,400003.89999999997,400003.89999999997,400003.89999999997,404689.3666666667,404689.3666666667,404689.3666666667,405884.8,405884.8,405884.8,407545.3,407545.3,407545.3,408330.73333333334,408330.73333333334,408330.73333333334,409838.3333333333,409838.3333333333,409838.3333333333,410538.06666666665,410538.06666666665,410538.06666666665,409332.5333333334,409332.5333333334,409332.5333333334,410152.8666666667,410152.8666666667,410152.8666666667,414742.23333333334,414742.23333333334,414742.23333333334,416087.60000000003,416087.60000000003,416087.60000000003
Rhode Island,18344.233333333334,18344.233333333334,18344.233333333334,18837.366666666665,18837.366666666665,18837.366666666665,18735.433333333334,18735.433333333334,18735.433333333334,18785.033333333333,18785.033333333333,18785.033333333333,18843.3,18843.3,18843.3,18888.399999999998,18888.399999999998,18888.399999999998,18880.166666666668,18880.166666666668,18880.166666666668,18704.600000000002,18704.600000000002,18704.600000000002,19032.133333333335,19032.133333333335,19032.133333333335,18892.133333333335,18892.133333333335,18892.133333333335,19062.633333333335,19062.633333333335,19062.633333333335,19062.7,19062.7,19062.7,19042.233333333334,19042.233333333334,19042.233333333334,19113.399999999998,19113.399999999998,19113.399999999998,19233.666666666668,19233.666666666668,19233.666666666668,19414.233333333334,19414.233333333334,19414.233333333334,19362.5,19362.5,19362.5,19486.633333333335,19486.633333333335,19486.633333333335,19427.366666666665,19427.366666666665,19427.366666666665,19574.100000000002,19574.100000000002,19574.100000000002,19289.033333333333,19289.033333333333,19289.033333333333,19463.0,19463.0,19463.0,19768.033333333333,19768.033333333333,19768.033333333333,19653.233333333334,19653.233333333334,19653.233333333334
Rocky Mountain,187959.1,187959.1,187959.1,188937.93333333335,188937.93333333335,188937.93333333335,189043.69999999998,189043.69999999998,189043.69999999998,190723.2666666667,190723.2666666667,190723.2666666667,191087.03333333333,191087.03333333333,191087.03333333333,191603.43333333335,191603.43333333335,191603.43333333335,191044.16666666666,191044.16666666666,191044.16666666666,192075.46666666667,192075.46666666667,192075.46666666667,196096.06666666665,196096.06666666665,196096.06666666665,196913.86666666667,196913.86666666667,196913.86666666667,199215.0,199215.0,199215.0,200735.93333333335,200735.93333333335,200735.93333333335,201955.0,201955.0,201955.0,204509.63333333333,204509.63333333333,204509.63333333333,207040.13333333333,207040.13333333333,207040.13333333333,209985.66666666666,209985.66666666666,209985.66666666666,212572.6,212572.6,212572.6,213146.46666666667,213146.46666666667,213146.46666666667,214386.1,214386.1,214386.1,215226.96666666667,215226.96666666667,215226.96666666667,215973.2666666667,215973.2666666667,215973.2666666667,216463.7333333333,216463.7333333333,216463.7333333333,219640.7666666667,219640.7666666667,219640.7666666667,222152.33333333334,222152.33333333334,222152.33333333334
South Carolina,63871.799999999996,63871.799999999996,63871.799999999996,64695.43333333333,64695.43333333333,64695.43333333333,64328.46666666667,64328.46666666667,64328.46666666667,64732.299999999996,64732.299999999996,64732.299999999996,65504.166666666664,65504.166666666664,65504.166666666664,65180.5,65180.5,65180.5,65154.76666666666,65154.76666666666,65154.76666666666,64702.06666666667,64702.06666666667,64702.06666666667,66288.43333333333,66288.43333333333,66288.43333333333,65992.46666666666,65992.46666666666,65992.46666666666,67116.46666666666,67116.46666666666,67116.46666666666,67465.66666666667,67465.66666666667,67465.66666666667,67599.7,67599.7,67599.7,68873.56666666667,68873.56666666667,68873.56666666667,69190.7,69190.7,69190.7,69106.53333333334,69106.53333333334,69106.53333333334,70023.40000000001,70023.40000000001,70023.40000000001,70567.36666666667,70567.36666666667,70567.36666666667,71638.3,71638.3,71638.3,72054.09999999999,72054.09999999999,72054.09999999999,72686.76666666666,72686.76666666666,72686.76666666666,73363.06666666667,73363.06666666667,73363.06666666667,73752.09999999999,73752.09999999999,73752.09999999999,74277.2,74277.2,74277.2
South Dakota,15515.199999999999,15515.199999999999,15515.199999999999,15713.9,15713.9,15713.9,15780.066666666666,15780.066666666666,15780.066666666666,16497.966666666667,16497.966666666667,16497.966666666667,16563.133333333335,16563.133333333335,16563.133333333335,16480.0,16480.0,16480.0,15587.333333333334,15587.333333333334,15587.333333333334,16241.366666666667,16241.366666666667,16241.366666666667,16098.733333333332,16098.733333333332,16098.733333333332,16220.1,16220.1,16220.1,16241.833333333334,16241.833333333334,16241.833333333334,16252.766666666668,16252.766666666668,16252.766666666668,16688.7,16688.7,16688.7,16720.233333333334,16720.233333333334,16720.233333333334,16503.899999999998,16503.899999999998,16503.899999999998,16275.0,16275.0,16275.0,16732.333333333332,16732.333333333332,16732.333333333332,16791.466666666667,16791.466666666667,16791.466666666667,16910.333333333332,16910.333333333332,16910.333333333332,17380.166666666668,17380.166666666668,17380.166666666668,16761.866666666665,16761.866666666665,16761.866666666665,16925.133333333335,16925.133333333335,16925.133333333335,17306.666666666668,17306.666666666668,17306.666666666668,17358.766666666666,17358.766666666666,17358.766666666666
Southeast,1232048.3,1232048.3,1232048.3,1239307.7333333334,1239307.7333333334,1239307.7333333334,1236201.6666666667,1236201.6666666667,1236201.6666666667,1247126.4000000001,1247126.4000000001,1247126.4000000001,1254953.5999999999,1254953.5999999999,1254953.5999999999,1256134.1333333333,1256134.1333333333,1256134.1333333333,1255801.2,1255801.2,1255801.2,1249946.2,1249946.2,1249946.2,1271853.3333333333,1271853.3333333333,1271853.3333333333,1269309.3333333333,1269309.3333333333,1269309.3333333333,1279086.8,1279086.8,1279086.8,1283790.4666666666,1283790.4666666666,1283790.4666666666,1282676.8333333333,1282676.8333333333,1282676.8333333333,1297971.3,1297971.3,1297971.3,1309167.2666666666,1309167.2666666666,1309167.2666666666,1313871.6333333333,1313871.6333333333,1313871.6333333333,1323426.0333333334,1323426.0333333334,1323426.0333333334,1335891.1333333333,1335891.1333333333,1335891.1333333333,1343366.1333333333,1343366.1333333333,1343366.1333333333,1346589.0666666667,1346589.0666666667,1346589.0666666667,1353252.0666666667,1353252.0666666667,1353252.0666666667,1361094.8666666667,1361094.8666666667,1361094.8666666667,1372204.1666666667,1372204.1666666667,1372204.1666666667,1382871.4333333333,1382871.4333333333,1382871.4333333333
Southwest,626909.1,626909.1,626909.1,634692.8666666667,634692.8666666667,634692.8666666667,638036.4666666667,638036.4666666667,638036.4666666667,650513.2999999999,650513.2999999999,650513.2999999999,657871.4,657871.4,657871.4,664092.1666666666,664092.1666666666,664092.1666666666,665247.1,665247.1,665247.1,674592.0666666667,674592.0666666667,674592.0666666667,683391.0666666667,683391.0666666667,683391.0666666667,688837.8333333334,688837.8333333334,688837.8333333334,695160.7999999999,695160.7999999999,695160.7999999999,700251.4333333332,700251.4333333332,700251.4333333332,696816.1333333333,696816.1333333333,696816.1333333333,708323.3333333334,708323.3333333334,708323.3333333334,720284.2666666666,720284.2666666666,720284.2666666666,727965.9,727965.9,727965.9,743178.3333333334,743178.3333333334,743178.3333333334,737584.2333333334,737584.2333333334,737584.2333333334,744360.7666666666,744360.7666666666,744360.7666666666,748023.8666666667,748023.8666666667,748023.8666666667,744931.7000000001,744931.7000000001,744931.7000000001,744227.7999999999,744227.7999999999,744227.7999999999,746083.7333333334,746083.7333333334,746083.7333333334,746034.8333333334,746034.8333333334,746034.8333333334
Tennessee,98857.53333333333,98857.53333333333,98857.53333333333,100123.40000000001,100123.40000000001,100123.40000000001,100883.0,100883.0,100883.0,102147.93333333333,102147.93333333333,102147.93333333333,103144.03333333333,103144.03333333333,103144.03333333333,104344.73333333334,104344.73333333334,104344.73333333334,103900.7,103900.7,103900.7,104282.73333333334,104282.73333333334,104282.73333333334,106231.09999999999,106231.09999999999,106231.09999999999,105490.33333333333,105490.33333333333,105490.33333333333,106145.06666666667,106145.06666666667,106145.06666666667,106597.40000000001,106597.40000000001,106597.40000000001,106861.46666666667,106861.46666666667,106861.46666666667,107749.53333333333,107749.53333333333,107749.53333333333,108455.40000000001,108455.40000000001,108455.40000000001,108773.09999999999,108773.09999999999,108773.09999999999,110206.63333333335,110206.63333333335,110206.63333333335,111824.66666666667,111824.66666666667,111824.66666666667,112601.40000000001,112601.40000000001,112601.40000000001,112648.73333333334,112648.73333333334,112648.73333333334,113098.7,113098.7,113098.7,113560.13333333335,113560.13333333335,113560.13333333335,114924.93333333333,114924.93333333333,114924.93333333333,116476.13333333335,116476.13333333335,116476.13333333335
Texas,449661.8,449661.8,449661.8,455067.0333333334,455067.0333333334,455067.0333333334,456712.60000000003,456712.60000000003,456712.60000000003,465458.43333333335,465458.43333333335,465458.43333333335,472342.3666666667,472342.3666666667,472342.3666666667,477253.60000000003,477253.60000000003,477253.60000000003,479587.0333333334,479587.0333333334,479587.0333333334,488622.8666666667,488622.8666666667,488622.8666666667,495972.26666666666,495972.26666666666,495972.26666666666,501813.73333333334,501813.73333333334,501813.73333333334,507644.39999999997,507644.39999999997,507644.39999999997,510311.6666666667,510311.6666666667,510311.6666666667,507090.3666666667,507090.3666666667,507090.3666666667,516617.73333333334,516617.73333333334,516617.73333333334,524914.7999999999,524914.7999999999,524914.7999999999,530891.9,530891.9,530891.9,545062.3333333334,545062.3333333334,545062.3333333334,539964.8333333334,539964.8333333334,539964.8333333334,545700.7000000001,545700.7000000001,545700.7000000001,548108.2000000001,548108.2000000001,548108.2000000001,545411.0,545411.0,545411.0,543922.1333333333,543922.1333333333,543922.1333333333,544800.2999999999,544800.2999999999,544800.2999999999,544350.9333333333,544350.9333333333,544350.9333333333
United States,5640210.666666667,5640210.666666667,5640210.666666667,5678371.333333333,5678371.333333333,5678371.333333333,5677104.333333333,5677104.333333333,5677104.333333333,5740861.0,5740861.0,5740861.0,5789003.333333333,5789003.333333333,5789003.333333333,5814841.666666667,5814841.666666667,5814841.666666667,5823216.666666667,5823216.666666667,5823216.666666667,5829950.666666667,5829950.666666667,5829950.666666667,5887466.666666667,5887466.666666667,5887466.666666667,5903223.666666667,5903223.666666667,5903223.666666667,5953483.333333333,5953483.333333333,5953483.333333333,6005382.333333333,6005382.333333333,6005382.333333333,5984658.0,5984658.0,5984658.0,6061970.333333333,6061970.333333333,6061970.333333333,6135647.0,6135647.0,6135647.0,6166677.0,6166677.0,6166677.0,6222207.0,6222207.0,6222207.0,6260747.666666667,6260747.666666667,6260747.666666667,6285806.0,6285806.0,6285806.0,6297402.0,6297402.0,6297402.0,6333896.666666667,6333896.666666667,6333896.666666667,6354236.333333333,6354236.333333333,6354236.333333333,6399312.666666667,6399312.666666667,6399312.666666667,6434784.0,6434784.0,6434784.0
Utah,45579.200000000004,45579.200000000004,45579.200000000004,46175.06666666667,46175.06666666667,46175.06666666667,46199.5,46199.5,46199.5,46447.63333333333,46447.63333333333,46447.63333333333,46924.23333333334,46924.23333333334,46924.23333333334,46817.1,46817.1,46817.1,46650.333333333336,46650.333333333336,46650.333333333336,47105.0,47105.0,47105.0,47820.53333333333,47820.53333333333,47820.53333333333,48087.700000000004,48087.700000000004,48087.700000000004,48742.73333333334,48742.73333333334,48742.73333333334,48718.23333333334,48718.23333333334,48718.23333333334,49448.86666666667,49448.86666666667,49448.86666666667,49931.63333333333,49931.63333333333,49931.63333333333,50170.0,50170.0,50170.0,50551.23333333334,50551.23333333334,50551.23333333334,51291.166666666664,51291.166666666664,51291.166666666664,51623.13333333333,51623.13333333333,51623.13333333333,51898.9,51898.9,51898.9,52428.76666666666,52428.76666666666,52428.76666666666,53134.4,53134.4,53134.4,53535.299999999996,53535.299999999996,53535.299999999996,54553.5,54553.5,54553.5,55481.13333333333,55481.13333333333,55481.13333333333
Vermont,10377.733333333334,10377.733333333334,10377.733333333334,10529.433333333332,10529.433333333332,10529.433333333332,10520.066666666668,10520.066666666668,10520.066666666668,10790.866666666667,10790.866666666667,10790.866666666667,10648.366666666667,10648.366666666667,10648.366666666667,10778.633333333333,10778.633333333333,10778.633333333333,10657.199999999999,10657.199999999999,10657.199999999999,10446.666666666666,10446.666666666666,10446.666666666666,10545.633333333333,10545.633333333333,10545.633333333333,10505.9,10505.9,10505.9,10431.733333333334,10431.733333333334,10431.733333333334,10509.566666666668,10509.566666666668,10509.566666666668,10452.566666666668,10452.566666666668,10452.566666666668,10536.733333333334,10536.733333333334,10536.733333333334,10697.866666666667,10697.866666666667,10697.866666666667,10776.366666666667,10776.366666666667,10776.366666666667,10654.699999999999,10654.699999999999,10654.699999999999,10656.0,10656.0,10656.0,10716.800000000001,10716.800000000001,10716.800000000001,10696.333333333334,10696.333333333334,10696.333333333334,10733.533333333333,10733.533333333333,10733.533333333333,10732.699999999999,10732.699999999999,10732.699999999999,10805.5,10805.5,10805.5,10811.833333333334,10811.833333333334,10811.833333333334
Virginia,158904.76666666666,158904.76666666666,158904.76666666666,159648.6,159648.6,159648.6,159788.53333333333,159788.53333333333,159788.53333333333,161086.63333333333,161086.63333333333,161086.63333333333,160723.93333333332,160723.93333333332,160723.93333333332,161010.0,161010.0,161010.0,161476.4,161476.4,161476.4,160844.83333333334,160844.83333333334,160844.83333333334,163333.1,163333.1,163333.1,162527.06666666668,162527.06666666668,162527.06666666668,162908.1,162908.1,162908.1,162886.76666666666,162886.76666666666,162886.76666666666,161844.80000000002,161844.80000000002,161844.80000000002,162948.9,162948.9,162948.9,163456.93333333332,163456.93333333332,163456.93333333332,163640.83333333334,163640.83333333334,163640.83333333334,164566.06666666668,164566.06666666668,164566.06666666668,166376.30000000002,166376.30000000002,166376.30000000002,167274.9,167274.9,167274.9,167040.86666666667,167040.86666666667,167040.86666666667,166406.23333333334,166406.23333333334,166406.23333333334,167654.19999999998,167654.19999999998,167654.19999999998,168850.46666666667,168850.46666666667,168850.46666666667,170566.06666666668,170566.06666666668,170566.06666666668
Washington,135924.23333333334,135924.23333333334,135924.23333333334,136583.96666666667,136583.96666666667,136583.96666666667,136702.80000000002,136702.80000000002,136702.80000000002,139556.6,139556.6,139556.6,141160.36666666667,141160.36666666667,141160.36666666667,142208.33333333334,142208.33333333334,142208.33333333334,143364.56666666668,143364.56666666668,143364.56666666668,141862.73333333334,141862.73333333334,141862.73333333334,145010.69999999998,145010.69999999998,145010.69999999998,145371.43333333332,145371.43333333332,145371.43333333332,147724.6,147724.6,147724.6,147856.16666666666,147856.16666666666,147856.16666666666,149156.19999999998,149156.19999999998,149156.19999999998,150561.80000000002,150561.80000000002,150561.80000000002,153962.19999999998,153962.19999999998,153962.19999999998,154568.5,154568.5,154568.5,156617.5,156617.5,156617.5,158535.06666666668,158535.06666666668,158535.06666666668,160390.76666666666,160390.76666666666,160390.76666666666,160077.16666666666,160077.16666666666,160077.16666666666,163511.43333333332,163511.43333333332,163511.43333333332,163248.43333333332,163248.43333333332,163248.43333333332,165219.9,165219.9,165219.9,168986.73333333334,168986.73333333334,168986.73333333334
West Virginia,23931.466666666664,23931.466666666664,23931.466666666664,24414.333333333332,24414.333333333332,24414.333333333332,24482.166666666668,24482.166666666668,24482.166666666668,24738.933333333334,24738.933333333334,24738.933333333334,24579.2,24579.2,24579.2,24656.066666666666,24656.066666666666,24656.066666666666,24267.13333333333,24267.13333333333,24267.13333333333,23996.966666666664,23996.966666666664,23996.966666666664,24654.933333333334,24654.933333333334,24654.933333333334,24612.899999999998,24612.899999999998,24612.899999999998,24613.36666666667,24613.36666666667,24613.36666666667,24717.399999999998,24717.399999999998,24717.399999999998,24318.766666666666,24318.766666666666,24318.766666666666,24695.933333333334,24695.933333333334,24695.933333333334,24850.3,24850.3,24850.3,24950.033333333336,24950.033333333336,24950.033333333336,24813.2,24813.2,24813.2,24820.433333333334,24820.433333333334,24820.433333333334,24737.766666666666,24737.766666666666,24737.766666666666,24643.766666666666,24643.766666666666,24643.766666666666,24737.5,24737.5,24737.5,24487.733333333334,24487.733333333334,24487.733333333334,24430.899999999998,24430.899999999998,24430.899999999998,24361.533333333336,24361.533333333336,24361.533333333336
Wisconsin,96791.90000000001,96791.90000000001,96791.90000000001,97543.26666666666,97543.26666666666,97543.26666666666,98298.73333333334,98298.73333333334,98298.73333333334,98918.03333333333,98918.03333333333,98918.03333333333,100039.09999999999,100039.09999999999,100039.09999999999,100198.2,100198.2,100198.2,99384.90000000001,99384.90000000001,99384.90000000001,99054.66666666667,99054.66666666667,99054.66666666667,99987.0,99987.0,99987.0,100015.59999999999,100015.59999999999,100015.59999999999,100584.59999999999,100584.59999999999,100584.59999999999,101480.09999999999,101480.09999999999,101480.09999999999,101031.63333333335,101031.63333333335,101031.63333333335,103304.46666666667,103304.46666666667,103304.46666666667,103917.40000000001,103917.40000000001,103917.40000000001,104314.26666666666,104314.26666666666,104314.26666666666,104793.5,104793.5,104793.5,105204.13333333335,105204.13333333335,105204.13333333335,105319.83333333333,105319.83333333333,105319.83333333333,105599.56666666667,105599.56666666667,105599.56666666667,105851.3,105851.3,105851.3,106103.90000000001,106103.90000000001,106103.90000000001,107041.63333333335,107041.63333333335,107041.63333333335,106699.5,106699.5,106699.5
Wyoming,12903.566666666666,12903.566666666666,12903.566666666666,12919.699999999999,12919.699999999999,12919.699999999999,12931.266666666668,12931.266666666668,12931.266666666668,13151.9,13151.9,13151.9,12875.0,12875.0,12875.0,12884.300000000001,12884.300000000001,12884.300000000001,12537.933333333334,12537.933333333334,12537.933333333334,12482.733333333332,12482.733333333332,12482.733333333332,12846.199999999999,12846.199999999999,12846.199999999999,12702.633333333333,12702.633333333333,12702.633333333333,12765.4,12765.4,12765.4,12897.433333333334,12897.433333333334,12897.433333333334,12810.0,12810.0,12810.0,12985.666666666666,12985.666666666666,12985.666666666666,13181.566666666666,13181.566666666666,13181.566666666666,13405.766666666668,13405.766666666668,13405.766666666668,13602.066666666666,13602.066666666666,13602.066666666666,13223.766666666668,13223.766666666668,13223.766666666668,13370.333333333334,13370.333333333334,13370.333333333334,13222.333333333334,13222.333333333334,13222.333333333334,13164.433333333334,13164.433333333334,13164.433333333334,12654.4,12654.4,12654.4,12416.933333333334,12416.933333333334,12416.933333333334,12235.6,12235.6,12235.6
