GeoName,enero_2011,febrero_2011,marzo_2011,abril_2011,mayo_2011,junio_2011,julio_2011,agosto_2011,septiembre_2011,octubre_2011,noviembre_2011,diciembre_2011,enero_2012,febrero_2012,marzo_2012,abril_2012,mayo_2012,junio_2012,julio_2012,agosto_2012,septiembre_2012,octubre_2012,noviembre_2012,diciembre_2012,enero_2013,febrero_2013,marzo_2013,abril_2013,mayo_2013,junio_2013,julio_2013,agosto_2013,septiembre_2013,octubre_2013,noviembre_2013,diciembre_2013,enero_2014,febrero_2014,marzo_2014,abril_2014,mayo_2014,junio_2014,julio_2014,agosto_2014,septiembre_2014,octubre_2014,noviembre_2014,diciembre_2014,enero_2015,febrero_2015,marzo_2015,abril_2015,mayo_2015,junio_2015,julio_2015,agosto_2015,septiembre_2015,octubre_2015,noviembre_2015,diciembre_2015,enero_2016,febrero_2016,marzo_2016,abril_2016,mayo_2016,junio_2016,julio_2016,agosto_2016,septiembre_2016,octubre_2016,noviembre_2016,diciembre_2016
Alabama,11575.333333333334,11575.333333333334,11575.333333333334,11584.333333333334,11584.333333333334,11584.333333333334,11659.0,11659.0,11659.0,11683.333333333334,11683.333333333334,11683.333333333334,11793.0,11793.0,11793.0,11870.333333333334,11870.333333333334,11870.333333333334,11730.333333333334,11730.333333333334,11730.333333333334,12010.0,12010.0,12010.0,11862.0,11862.0,11862.0,11903.333333333334,11903.333333333334,11903.333333333334,11960.666666666666,11960.666666666666,11960.666666666666,11879.0,11879.0,11879.0,11985.0,11985.0,11985.0,12177.0,12177.0,12177.0,12318.0,12318.0,12318.0,12472.666666666666,12472.666666666666,12472.666666666666,12599.666666666666,12599.666666666666,12599.666666666666,12705.0,12705.0,12705.0,12805.0,12805.0,12805.0,12799.0,12799.0,12799.0,12828.333333333334,12828.333333333334,12828.333333333334,12871.0,12871.0,12871.0,12904.666666666666,12904.666666666666,12904.666666666666,12994.333333333334,12994.333333333334,12994.333333333334
Alaska,17103.666666666668,17103.666666666668,17103.666666666668,17366.333333333332,17366.333333333332,17366.333333333332,17594.666666666668,17594.666666666668,17594.666666666668,17811.333333333332,17811.333333333332,17811.333333333332,17736.333333333332,17736.333333333332,17736.333333333332,17809.666666666668,17809.666666666668,17809.666666666668,17688.0,17688.0,17688.0,17894.0,17894.0,17894.0,17384.333333333332,17384.333333333332,17384.333333333332,17349.0,17349.0,17349.0,17499.333333333332,17499.333333333332,17499.333333333332,17515.666666666668,17515.666666666668,17515.666666666668,18046.333333333332,18046.333333333332,18046.333333333332,18308.666666666668,18308.666666666668,18308.666666666668,18438.333333333332,18438.333333333332,18438.333333333332,18635.0,18635.0,18635.0,18871.666666666668,18871.666666666668,18871.666666666668,18923.333333333332,18923.333333333332,18923.333333333332,18899.666666666668,18899.666666666668,18899.666666666668,18880.666666666668,18880.666666666668,18880.666666666668,18478.0,18478.0,18478.0,18469.333333333332,18469.333333333332,18469.333333333332,18523.333333333332,18523.333333333332,18523.333333333332,18642.666666666668,18642.666666666668,18642.666666666668
Arizona,11658.333333333334,11658.333333333334,11658.333333333334,11703.666666666666,11703.666666666666,11703.666666666666,11781.666666666666,11781.666666666666,11781.666666666666,11849.333333333334,11849.333333333334,11849.333333333334,12007.0,12007.0,12007.0,12099.333333333334,12099.333333333334,12099.333333333334,11992.666666666666,11992.666666666666,11992.666666666666,12378.0,12378.0,12378.0,12172.666666666666,12172.666666666666,12172.666666666666,12297.0,12297.0,12297.0,12346.0,12346.0,12346.0,12379.666666666666,12379.666666666666,12379.666666666666,12570.0,12570.0,12570.0,12681.0,12681.0,12681.0,12798.0,12798.0,12798.0,12959.333333333334,12959.333333333334,12959.333333333334,13160.0,13160.0,13160.0,13282.666666666666,13282.666666666666,13282.666666666666,13294.666666666666,13294.666666666666,13294.666666666666,13423.0,13423.0,13423.0,13532.666666666666,13532.666666666666,13532.666666666666,13670.333333333334,13670.333333333334,13670.333333333334,13808.0,13808.0,13808.0,13882.0,13882.0,13882.0
Arkansas,11283.333333333334,11283.333333333334,11283.333333333334,11279.333333333334,11279.333333333334,11279.333333333334,11448.666666666666,11448.666666666666,11448.666666666666,11570.666666666666,11570.666666666666,11570.666666666666,11929.333333333334,11929.333333333334,11929.333333333334,12083.666666666666,12083.666666666666,12083.666666666666,11951.333333333334,11951.333333333334,11951.333333333334,12419.333333333334,12419.333333333334,12419.333333333334,12053.0,12053.0,12053.0,12089.333333333334,12089.333333333334,12089.333333333334,12137.666666666666,12137.666666666666,12137.666666666666,12093.0,12093.0,12093.0,12449.333333333334,12449.333333333334,12449.333333333334,12699.333333333334,12699.333333333334,12699.333333333334,12790.333333333334,12790.333333333334,12790.333333333334,13005.0,13005.0,13005.0,12925.666666666666,12925.666666666666,12925.666666666666,13022.666666666666,13022.666666666666,13022.666666666666,13157.0,13157.0,13157.0,13240.666666666666,13240.666666666666,13240.666666666666,13272.333333333334,13272.333333333334,13272.333333333334,13358.333333333334,13358.333333333334,13358.333333333334,13409.333333333334,13409.333333333334,13409.333333333334,13526.666666666666,13526.666666666666,13526.666666666666
California,15065.0,15065.0,15065.0,15105.0,15105.0,15105.0,15256.0,15256.0,15256.0,15242.0,15242.0,15242.0,15634.666666666666,15634.666666666666,15634.666666666666,15790.666666666666,15790.666666666666,15790.666666666666,15733.666666666666,15733.666666666666,15733.666666666666,16547.333333333332,16547.333333333332,16547.333333333332,15728.333333333334,15728.333333333334,15728.333333333334,15976.333333333334,15976.333333333334,15976.333333333334,16098.333333333334,16098.333333333334,16098.333333333334,16277.333333333334,16277.333333333334,16277.333333333334,16466.666666666668,16466.666666666668,16466.666666666668,16735.0,16735.0,16735.0,17029.666666666668,17029.666666666668,17029.666666666668,17245.0,17245.0,17245.0,17635.333333333332,17635.333333333332,17635.333333333332,17893.333333333332,17893.333333333332,17893.333333333332,18041.333333333332,18041.333333333332,18041.333333333332,18187.333333333332,18187.333333333332,18187.333333333332,18404.666666666668,18404.666666666668,18404.666666666668,18491.0,18491.0,18491.0,18703.0,18703.0,18703.0,18884.333333333332,18884.333333333332,18884.333333333332
Colorado,14410.0,14410.0,14410.0,14529.333333333334,14529.333333333334,14529.333333333334,14687.666666666666,14687.666666666666,14687.666666666666,14682.666666666666,14682.666666666666,14682.666666666666,14975.333333333334,14975.333333333334,14975.333333333334,15080.666666666666,15080.666666666666,15080.666666666666,14964.333333333334,14964.333333333334,14964.333333333334,15618.0,15618.0,15618.0,15426.666666666666,15426.666666666666,15426.666666666666,15634.0,15634.0,15634.0,15781.666666666666,15781.666666666666,15781.666666666666,15924.666666666666,15924.666666666666,15924.666666666666,16395.0,16395.0,16395.0,16673.0,16673.0,16673.0,16824.666666666668,16824.666666666668,16824.666666666668,17062.333333333332,17062.333333333332,17062.333333333332,17094.0,17094.0,17094.0,17184.666666666668,17184.666666666668,17184.666666666668,17135.333333333332,17135.333333333332,17135.333333333332,17131.0,17131.0,17131.0,16952.333333333332,16952.333333333332,16952.333333333332,16988.0,16988.0,16988.0,17146.0,17146.0,17146.0,17343.666666666668,17343.666666666668,17343.666666666668
Connecticut,20736.333333333332,20736.333333333332,20736.333333333332,21054.0,21054.0,21054.0,21144.666666666668,21144.666666666668,21144.666666666668,21014.0,21014.0,21014.0,21018.0,21018.0,21018.0,21182.333333333332,21182.333333333332,21182.333333333332,20910.0,20910.0,20910.0,21632.0,21632.0,21632.0,20579.666666666668,20579.666666666668,20579.666666666668,20607.333333333332,20607.333333333332,20607.333333333332,20693.0,20693.0,20693.0,20776.666666666668,20776.666666666668,20776.666666666668,21104.333333333332,21104.333333333332,21104.333333333332,21357.0,21357.0,21357.0,21604.0,21604.0,21604.0,21917.666666666668,21917.666666666668,21917.666666666668,21851.0,21851.0,21851.0,22006.0,22006.0,22006.0,22109.666666666668,22109.666666666668,22109.666666666668,22320.0,22320.0,22320.0,22442.333333333332,22442.333333333332,22442.333333333332,22497.666666666668,22497.666666666668,22497.666666666668,22517.0,22517.0,22517.0,22584.666666666668,22584.666666666668,22584.666666666668
Delaware,14446.333333333334,14446.333333333334,14446.333333333334,14561.333333333334,14561.333333333334,14561.333333333334,14667.666666666666,14667.666666666666,14667.666666666666,14686.333333333334,14686.333333333334,14686.333333333334,14511.0,14511.0,14511.0,14606.0,14606.0,14606.0,14418.0,14418.0,14418.0,14807.666666666666,14807.666666666666,14807.666666666666,14449.0,14449.0,14449.0,14643.666666666666,14643.666666666666,14643.666666666666,14674.0,14674.0,14674.0,14808.0,14808.0,14808.0,14885.666666666666,14885.666666666666,14885.666666666666,15093.333333333334,15093.333333333334,15093.333333333334,15209.666666666666,15209.666666666666,15209.666666666666,15275.0,15275.0,15275.0,15588.0,15588.0,15588.0,15793.0,15793.0,15793.0,15741.333333333334,15741.333333333334,15741.333333333334,15857.666666666666,15857.666666666666,15857.666666666666,15824.666666666666,15824.666666666666,15824.666666666666,16000.0,16000.0,16000.0,16128.333333333334,16128.333333333334,16128.333333333334,16282.0,16282.0,16282.0
District of Columbia,22183.333333333332,22183.333333333332,22183.333333333332,22269.333333333332,22269.333333333332,22269.333333333332,22440.333333333332,22440.333333333332,22440.333333333332,22395.0,22395.0,22395.0,22536.333333333332,22536.333333333332,22536.333333333332,22548.0,22548.0,22548.0,22193.333333333332,22193.333333333332,22193.333333333332,22725.333333333332,22725.333333333332,22725.333333333332,22330.666666666668,22330.666666666668,22330.666666666668,22391.333333333332,22391.333333333332,22391.333333333332,22334.333333333332,22334.333333333332,22334.333333333332,22438.666666666668,22438.666666666668,22438.666666666668,23164.333333333332,23164.333333333332,23164.333333333332,23410.0,23410.0,23410.0,23658.0,23658.0,23658.0,23758.0,23758.0,23758.0,24760.333333333332,24760.333333333332,24760.333333333332,24954.333333333332,24954.333333333332,24954.333333333332,25003.333333333332,25003.333333333332,25003.333333333332,25031.666666666668,25031.666666666668,25031.666666666668,25584.0,25584.0,25584.0,25786.0,25786.0,25786.0,25871.666666666668,25871.666666666668,25871.666666666668,26097.666666666668,26097.666666666668,26097.666666666668
Far West,14706.0,14706.0,14706.0,14752.0,14752.0,14752.0,14880.0,14880.0,14880.0,14905.0,14905.0,14905.0,15281.333333333334,15281.333333333334,15281.333333333334,15427.333333333334,15427.333333333334,15427.333333333334,15370.333333333334,15370.333333333334,15370.333333333334,16062.333333333334,16062.333333333334,16062.333333333334,15366.333333333334,15366.333333333334,15366.333333333334,15571.0,15571.0,15571.0,15691.333333333334,15691.333333333334,15691.333333333334,15829.666666666666,15829.666666666666,15829.666666666666,16057.333333333334,16057.333333333334,16057.333333333334,16324.333333333334,16324.333333333334,16324.333333333334,16597.666666666668,16597.666666666668,16597.666666666668,16810.0,16810.0,16810.0,17161.0,17161.0,17161.0,17382.333333333332,17382.333333333332,17382.333333333332,17517.0,17517.0,17517.0,17632.333333333332,17632.333333333332,17632.333333333332,17839.0,17839.0,17839.0,17919.333333333332,17919.333333333332,17919.333333333332,18113.666666666668,18113.666666666668,18113.666666666668,18286.666666666668,18286.666666666668,18286.666666666668
Florida,13333.666666666666,13333.666666666666,13333.666666666666,13458.0,13458.0,13458.0,13525.333333333334,13525.333333333334,13525.333333333334,13574.333333333334,13574.333333333334,13574.333333333334,13608.666666666666,13608.666666666666,13608.666666666666,13660.333333333334,13660.333333333334,13660.333333333334,13581.666666666666,13581.666666666666,13581.666666666666,14080.333333333334,14080.333333333334,14080.333333333334,13472.333333333334,13472.333333333334,13472.333333333334,13541.666666666666,13541.666666666666,13541.666666666666,13611.333333333334,13611.333333333334,13611.333333333334,13667.666666666666,13667.666666666666,13667.666666666666,13932.333333333334,13932.333333333334,13932.333333333334,14212.666666666666,14212.666666666666,14212.666666666666,14381.0,14381.0,14381.0,14600.333333333334,14600.333333333334,14600.333333333334,14829.666666666666,14829.666666666666,14829.666666666666,14966.666666666666,14966.666666666666,14966.666666666666,15022.666666666666,15022.666666666666,15022.666666666666,15092.333333333334,15092.333333333334,15092.333333333334,15062.0,15062.0,15062.0,15143.333333333334,15143.333333333334,15143.333333333334,15309.333333333334,15309.333333333334,15309.333333333334,15463.0,15463.0,15463.0
Georgia,12146.666666666666,12146.666666666666,12146.666666666666,12204.666666666666,12204.666666666666,12204.666666666666,12333.333333333334,12333.333333333334,12333.333333333334,12317.0,12317.0,12317.0,12334.666666666666,12334.666666666666,12334.666666666666,12369.0,12369.0,12369.0,12300.0,12300.0,12300.0,12670.0,12670.0,12670.0,12374.666666666666,12374.666666666666,12374.666666666666,12491.0,12491.0,12491.0,12512.0,12512.0,12512.0,12579.666666666666,12579.666666666666,12579.666666666666,12870.333333333334,12870.333333333334,12870.333333333334,13105.666666666666,13105.666666666666,13105.666666666666,13276.666666666666,13276.666666666666,13276.666666666666,13457.333333333334,13457.333333333334,13457.333333333334,13671.0,13671.0,13671.0,13806.666666666666,13806.666666666666,13806.666666666666,13910.0,13910.0,13910.0,13964.333333333334,13964.333333333334,13964.333333333334,14154.333333333334,14154.333333333334,14154.333333333334,14155.666666666666,14155.666666666666,14155.666666666666,14256.333333333334,14256.333333333334,14256.333333333334,14426.0,14426.0,14426.0
Great Lakes,13243.666666666666,13243.666666666666,13243.666666666666,13318.0,13318.0,13318.0,13474.333333333334,13474.333333333334,13474.333333333334,13527.666666666666,13527.666666666666,13527.666666666666,13745.0,13745.0,13745.0,13853.666666666666,13853.666666666666,13853.666666666666,13801.0,13801.0,13801.0,14201.666666666666,14201.666666666666,14201.666666666666,13945.666666666666,13945.666666666666,13945.666666666666,14049.0,14049.0,14049.0,14085.333333333334,14085.333333333334,14085.333333333334,14116.666666666666,14116.666666666666,14116.666666666666,14309.0,14309.0,14309.0,14505.333333333334,14505.333333333334,14505.333333333334,14639.666666666666,14639.666666666666,14639.666666666666,14822.0,14822.0,14822.0,15000.0,15000.0,15000.0,15144.333333333334,15144.333333333334,15144.333333333334,15247.0,15247.0,15247.0,15334.666666666666,15334.666666666666,15334.666666666666,15349.666666666666,15349.666666666666,15349.666666666666,15401.333333333334,15401.333333333334,15401.333333333334,15471.0,15471.0,15471.0,15602.666666666666,15602.666666666666,15602.666666666666
Hawaii,14229.333333333334,14229.333333333334,14229.333333333334,14234.0,14234.0,14234.0,14223.0,14223.0,14223.0,14315.333333333334,14315.333333333334,14315.333333333334,14488.0,14488.0,14488.0,14568.0,14568.0,14568.0,14418.333333333334,14418.333333333334,14418.333333333334,14553.0,14553.0,14553.0,14435.333333333334,14435.333333333334,14435.333333333334,14482.333333333334,14482.333333333334,14482.333333333334,14540.333333333334,14540.333333333334,14540.333333333334,14629.333333333334,14629.333333333334,14629.333333333334,14884.666666666666,14884.666666666666,14884.666666666666,15090.0,15090.0,15090.0,15245.0,15245.0,15245.0,15353.666666666666,15353.666666666666,15353.666666666666,15528.0,15528.0,15528.0,15682.666666666666,15682.666666666666,15682.666666666666,15767.666666666666,15767.666666666666,15767.666666666666,15888.0,15888.0,15888.0,16029.0,16029.0,16029.0,16144.666666666666,16144.666666666666,16144.666666666666,16245.333333333334,16245.333333333334,16245.333333333334,16370.0,16370.0,16370.0
Idaho,11055.333333333334,11055.333333333334,11055.333333333334,11104.666666666666,11104.666666666666,11104.666666666666,11204.0,11204.0,11204.0,11233.666666666666,11233.666666666666,11233.666666666666,11400.0,11400.0,11400.0,11510.0,11510.0,11510.0,11518.666666666666,11518.666666666666,11518.666666666666,11960.666666666666,11960.666666666666,11960.666666666666,11712.0,11712.0,11712.0,11901.0,11901.0,11901.0,11979.666666666666,11979.666666666666,11979.666666666666,11984.0,11984.0,11984.0,12119.666666666666,12119.666666666666,12119.666666666666,12333.0,12333.0,12333.0,12404.333333333334,12404.333333333334,12404.333333333334,12607.333333333334,12607.333333333334,12607.333333333334,12851.666666666666,12851.666666666666,12851.666666666666,12883.666666666666,12883.666666666666,12883.666666666666,12994.666666666666,12994.666666666666,12994.666666666666,12969.666666666666,12969.666666666666,12969.666666666666,13098.0,13098.0,13098.0,13196.0,13196.0,13196.0,13274.0,13274.0,13274.0,13277.333333333334,13277.333333333334,13277.333333333334
Illinois,14608.333333333334,14608.333333333334,14608.333333333334,14653.666666666666,14653.666666666666,14653.666666666666,14746.333333333334,14746.333333333334,14746.333333333334,14757.0,14757.0,14757.0,15149.0,15149.0,15149.0,15264.666666666666,15264.666666666666,15264.666666666666,15167.333333333334,15167.333333333334,15167.333333333334,15654.666666666666,15654.666666666666,15654.666666666666,15417.333333333334,15417.333333333334,15417.333333333334,15564.333333333334,15564.333333333334,15564.333333333334,15624.333333333334,15624.333333333334,15624.333333333334,15712.333333333334,15712.333333333334,15712.333333333334,15904.333333333334,15904.333333333334,15904.333333333334,16098.0,16098.0,16098.0,16241.0,16241.0,16241.0,16468.666666666668,16468.666666666668,16468.666666666668,16683.0,16683.0,16683.0,16844.666666666668,16844.666666666668,16844.666666666668,16997.666666666668,16997.666666666668,16997.666666666668,17057.0,17057.0,17057.0,17032.666666666668,17032.666666666668,17032.666666666668,17044.333333333332,17044.333333333332,17044.333333333332,17095.0,17095.0,17095.0,17283.333333333332,17283.333333333332,17283.333333333332
Indiana,12354.333333333334,12354.333333333334,12354.333333333334,12458.333333333334,12458.333333333334,12458.333333333334,12675.0,12675.0,12675.0,12752.333333333334,12752.333333333334,12752.333333333334,12850.333333333334,12850.333333333334,12850.333333333334,13014.333333333334,13014.333333333334,13014.333333333334,13017.333333333334,13017.333333333334,13017.333333333334,13296.666666666666,13296.666666666666,13296.666666666666,13188.666666666666,13188.666666666666,13188.666666666666,13164.0,13164.0,13164.0,13136.333333333334,13136.333333333334,13136.333333333334,13091.333333333334,13091.333333333334,13091.333333333334,13284.666666666666,13284.666666666666,13284.666666666666,13523.666666666666,13523.666666666666,13523.666666666666,13664.666666666666,13664.666666666666,13664.666666666666,13819.666666666666,13819.666666666666,13819.666666666666,13911.0,13911.0,13911.0,14030.0,14030.0,14030.0,14068.0,14068.0,14068.0,14167.0,14167.0,14167.0,14220.0,14220.0,14220.0,14321.666666666666,14321.666666666666,14321.666666666666,14436.666666666666,14436.666666666666,14436.666666666666,14540.666666666666,14540.666666666666,14540.666666666666
Iowa,13470.333333333334,13470.333333333334,13470.333333333334,13503.0,13503.0,13503.0,13733.0,13733.0,13733.0,13804.666666666666,13804.666666666666,13804.666666666666,14026.0,14026.0,14026.0,14186.666666666666,14186.666666666666,14186.666666666666,14078.333333333334,14078.333333333334,14078.333333333334,14400.666666666666,14400.666666666666,14400.666666666666,14299.666666666666,14299.666666666666,14299.666666666666,14362.666666666666,14362.666666666666,14362.666666666666,14397.0,14397.0,14397.0,14280.666666666666,14280.666666666666,14280.666666666666,14409.666666666666,14409.666666666666,14409.666666666666,14750.666666666666,14750.666666666666,14750.666666666666,14783.0,14783.0,14783.0,14883.333333333334,14883.333333333334,14883.333333333334,15062.0,15062.0,15062.0,15070.0,15070.0,15070.0,15209.666666666666,15209.666666666666,15209.666666666666,15243.0,15243.0,15243.0,15178.666666666666,15178.666666666666,15178.666666666666,15171.333333333334,15171.333333333334,15171.333333333334,15275.333333333334,15275.333333333334,15275.333333333334,15259.333333333334,15259.333333333334,15259.333333333334
Kansas,13966.333333333334,13966.333333333334,13966.333333333334,14240.333333333334,14240.333333333334,14240.333333333334,14457.0,14457.0,14457.0,14501.0,14501.0,14501.0,14975.666666666666,14975.666666666666,14975.666666666666,14964.0,14964.0,14964.0,14705.0,14705.0,14705.0,15248.0,15248.0,15248.0,15003.0,15003.0,15003.0,15243.0,15243.0,15243.0,15285.333333333334,15285.333333333334,15285.333333333334,15354.333333333334,15354.333333333334,15354.333333333334,15172.0,15172.0,15172.0,15392.0,15392.0,15392.0,15515.333333333334,15515.333333333334,15515.333333333334,15624.333333333334,15624.333333333334,15624.333333333334,15542.666666666666,15542.666666666666,15542.666666666666,15553.666666666666,15553.666666666666,15553.666666666666,15547.333333333334,15547.333333333334,15547.333333333334,15494.333333333334,15494.333333333334,15494.333333333334,15408.666666666666,15408.666666666666,15408.666666666666,15519.666666666666,15519.666666666666,15519.666666666666,15644.666666666666,15644.666666666666,15644.666666666666,15720.0,15720.0,15720.0
Kentucky,11425.333333333334,11425.333333333334,11425.333333333334,11483.0,11483.0,11483.0,11572.666666666666,11572.666666666666,11572.666666666666,11663.333333333334,11663.333333333334,11663.333333333334,11868.666666666666,11868.666666666666,11868.666666666666,11912.0,11912.0,11912.0,11816.666666666666,11816.666666666666,11816.666666666666,11899.666666666666,11899.666666666666,11899.666666666666,11923.333333333334,11923.333333333334,11923.333333333334,11911.333333333334,11911.333333333334,11911.333333333334,11927.666666666666,11927.666666666666,11927.666666666666,11922.0,11922.0,11922.0,12230.0,12230.0,12230.0,12365.666666666666,12365.666666666666,12365.666666666666,12440.666666666666,12440.666666666666,12440.666666666666,12585.0,12585.0,12585.0,12744.0,12744.0,12744.0,12910.333333333334,12910.333333333334,12910.333333333334,12971.333333333334,12971.333333333334,12971.333333333334,13058.0,13058.0,13058.0,12991.333333333334,12991.333333333334,12991.333333333334,13051.666666666666,13051.666666666666,13051.666666666666,13176.0,13176.0,13176.0,13194.666666666666,13194.666666666666,13194.666666666666
Louisiana,12905.666666666666,12905.666666666666,12905.666666666666,12927.333333333334,12927.333333333334,12927.333333333334,13017.0,13017.0,13017.0,13106.0,13106.0,13106.0,13359.333333333334,13359.333333333334,13359.333333333334,13564.0,13564.0,13564.0,13462.666666666666,13462.666666666666,13462.666666666666,13821.333333333334,13821.333333333334,13821.333333333334,13612.0,13612.0,13612.0,13672.666666666666,13672.666666666666,13672.666666666666,13679.0,13679.0,13679.0,13696.333333333334,13696.333333333334,13696.333333333334,13972.0,13972.0,13972.0,14175.666666666666,14175.666666666666,14175.666666666666,14261.0,14261.0,14261.0,14289.333333333334,14289.333333333334,14289.333333333334,14186.333333333334,14186.333333333334,14186.333333333334,14147.333333333334,14147.333333333334,14147.333333333334,14170.666666666666,14170.666666666666,14170.666666666666,14143.333333333334,14143.333333333334,14143.333333333334,13929.0,13929.0,13929.0,13993.0,13993.0,13993.0,14059.333333333334,14059.333333333334,14059.333333333334,14220.0,14220.0,14220.0
Maine,13079.666666666666,13079.666666666666,13079.666666666666,13091.0,13091.0,13091.0,13195.333333333334,13195.333333333334,13195.333333333334,13303.666666666666,13303.666666666666,13303.666666666666,13257.666666666666,13257.666666666666,13257.666666666666,13371.333333333334,13371.333333333334,13371.333333333334,13248.666666666666,13248.666666666666,13248.666666666666,13431.666666666666,13431.666666666666,13431.666666666666,13241.333333333334,13241.333333333334,13241.333333333334,13291.0,13291.0,13291.0,13333.333333333334,13333.333333333334,13333.333333333334,13383.666666666666,13383.666666666666,13383.666666666666,13431.666666666666,13431.666666666666,13431.666666666666,13629.666666666666,13629.666666666666,13629.666666666666,13777.666666666666,13777.666666666666,13777.666666666666,14024.666666666666,14024.666666666666,14024.666666666666,14032.333333333334,14032.333333333334,14032.333333333334,14249.666666666666,14249.666666666666,14249.666666666666,14389.333333333334,14389.333333333334,14389.333333333334,14543.666666666666,14543.666666666666,14543.666666666666,14596.333333333334,14596.333333333334,14596.333333333334,14720.666666666666,14720.666666666666,14720.666666666666,14756.0,14756.0,14756.0,14896.333333333334,14896.333333333334,14896.333333333334
Maryland,17061.333333333332,17061.333333333332,17061.333333333332,17218.666666666668,17218.666666666668,17218.666666666668,17384.333333333332,17384.333333333332,17384.333333333332,17392.666666666668,17392.666666666668,17392.666666666668,17476.0,17476.0,17476.0,17435.333333333332,17435.333333333332,17435.333333333332,17399.666666666668,17399.666666666668,17399.666666666668,17666.666666666668,17666.666666666668,17666.666666666668,17292.666666666668,17292.666666666668,17292.666666666668,17299.333333333332,17299.333333333332,17299.333333333332,17260.0,17260.0,17260.0,17302.0,17302.0,17302.0,17404.333333333332,17404.333333333332,17404.333333333332,17631.0,17631.0,17631.0,17812.0,17812.0,17812.0,17912.666666666668,17912.666666666668,17912.666666666668,18190.0,18190.0,18190.0,18297.0,18297.0,18297.0,18393.666666666668,18393.666666666668,18393.666666666668,18497.0,18497.0,18497.0,18621.333333333332,18621.333333333332,18621.333333333332,18782.666666666668,18782.666666666668,18782.666666666668,18926.0,18926.0,18926.0,19128.0,19128.0,19128.0
Massachusetts,17993.333333333332,17993.333333333332,17993.333333333332,18381.333333333332,18381.333333333332,18381.333333333332,18298.0,18298.0,18298.0,18325.0,18325.0,18325.0,18545.0,18545.0,18545.0,18714.333333333332,18714.333333333332,18714.333333333332,18551.0,18551.0,18551.0,19185.333333333332,19185.333333333332,19185.333333333332,18564.666666666668,18564.666666666668,18564.666666666668,18703.0,18703.0,18703.0,18746.333333333332,18746.333333333332,18746.333333333332,18803.666666666668,18803.666666666668,18803.666666666668,19004.333333333332,19004.333333333332,19004.333333333332,19173.0,19173.0,19173.0,19483.0,19483.0,19483.0,19853.666666666668,19853.666666666668,19853.666666666668,20186.666666666668,20186.666666666668,20186.666666666668,20467.666666666668,20467.666666666668,20467.666666666668,20578.0,20578.0,20578.0,20808.333333333332,20808.333333333332,20808.333333333332,20859.333333333332,20859.333333333332,20859.333333333332,21043.666666666668,21043.666666666668,21043.666666666668,21323.333333333332,21323.333333333332,21323.333333333332,21386.666666666668,21386.666666666668,21386.666666666668
Michigan,12420.666666666666,12420.666666666666,12420.666666666666,12466.666666666666,12466.666666666666,12466.666666666666,12603.666666666666,12603.666666666666,12603.666666666666,12748.333333333334,12748.333333333334,12748.333333333334,12885.0,12885.0,12885.0,12930.666666666666,12930.666666666666,12930.666666666666,12906.333333333334,12906.333333333334,12906.333333333334,13323.0,13323.0,13323.0,12994.666666666666,12994.666666666666,12994.666666666666,13094.666666666666,13094.666666666666,13094.666666666666,13135.333333333334,13135.333333333334,13135.333333333334,13157.0,13157.0,13157.0,13354.333333333334,13354.333333333334,13354.333333333334,13554.333333333334,13554.333333333334,13554.333333333334,13683.0,13683.0,13683.0,13846.666666666666,13846.666666666666,13846.666666666666,14097.666666666666,14097.666666666666,14097.666666666666,14274.333333333334,14274.333333333334,14274.333333333334,14401.0,14401.0,14401.0,14515.666666666666,14515.666666666666,14515.666666666666,14579.333333333334,14579.333333333334,14579.333333333334,14654.666666666666,14654.666666666666,14654.666666666666,14702.666666666666,14702.666666666666,14702.666666666666,14826.0,14826.0,14826.0
Mideast,16433.666666666668,16433.666666666668,16433.666666666668,16490.666666666668,16490.666666666668,16490.666666666668,16602.666666666668,16602.666666666668,16602.666666666668,16609.666666666668,16609.666666666668,16609.666666666668,16857.333333333332,16857.333333333332,16857.333333333332,16963.333333333332,16963.333333333332,16963.333333333332,16908.333333333332,16908.333333333332,16908.333333333332,17395.333333333332,17395.333333333332,17395.333333333332,16930.333333333332,16930.333333333332,16930.333333333332,17080.0,17080.0,17080.0,17102.0,17102.0,17102.0,17181.0,17181.0,17181.0,17338.333333333332,17338.333333333332,17338.333333333332,17509.333333333332,17509.333333333332,17509.333333333332,17714.666666666668,17714.666666666668,17714.666666666668,17932.0,17932.0,17932.0,18086.666666666668,18086.666666666668,18086.666666666668,18271.0,18271.0,18271.0,18403.666666666668,18403.666666666668,18403.666666666668,18448.666666666668,18448.666666666668,18448.666666666668,18646.666666666668,18646.666666666668,18646.666666666668,18715.333333333332,18715.333333333332,18715.333333333332,18856.0,18856.0,18856.0,19061.333333333332,19061.333333333332,19061.333333333332
Minnesota,14862.666666666666,14862.666666666666,14862.666666666666,15034.0,15034.0,15034.0,15136.0,15136.0,15136.0,15146.666666666666,15146.666666666666,15146.666666666666,15580.0,15580.0,15580.0,15733.0,15733.0,15733.0,15693.333333333334,15693.333333333334,15693.333333333334,16171.333333333334,16171.333333333334,16171.333333333334,15661.333333333334,15661.333333333334,15661.333333333334,15756.0,15756.0,15756.0,15897.333333333334,15897.333333333334,15897.333333333334,15894.0,15894.0,15894.0,16050.333333333334,16050.333333333334,16050.333333333334,16366.666666666666,16366.666666666666,16366.666666666666,16608.333333333332,16608.333333333332,16608.333333333332,16781.333333333332,16781.333333333332,16781.333333333332,17017.666666666668,17017.666666666668,17017.666666666668,17056.0,17056.0,17056.0,17147.333333333332,17147.333333333332,17147.333333333332,17226.333333333332,17226.333333333332,17226.333333333332,17180.333333333332,17180.333333333332,17180.333333333332,17201.333333333332,17201.333333333332,17201.333333333332,17411.333333333332,17411.333333333332,17411.333333333332,17503.666666666668,17503.666666666668,17503.666666666668
Mississippi,10763.333333333334,10763.333333333334,10763.333333333334,10741.666666666666,10741.666666666666,10741.666666666666,10847.0,10847.0,10847.0,10919.333333333334,10919.333333333334,10919.333333333334,11090.333333333334,11090.333333333334,11090.333333333334,11174.333333333334,11174.333333333334,11174.333333333334,11064.666666666666,11064.666666666666,11064.666666666666,11250.0,11250.0,11250.0,11231.333333333334,11231.333333333334,11231.333333333334,11277.0,11277.0,11277.0,11468.666666666666,11468.666666666666,11468.666666666666,11323.666666666666,11323.666666666666,11323.666666666666,11382.0,11382.0,11382.0,11553.333333333334,11553.333333333334,11553.333333333334,11568.666666666666,11568.666666666666,11568.666666666666,11658.666666666666,11658.666666666666,11658.666666666666,11572.333333333334,11572.333333333334,11572.333333333334,11692.333333333334,11692.333333333334,11692.333333333334,11754.666666666666,11754.666666666666,11754.666666666666,11769.0,11769.0,11769.0,11824.333333333334,11824.333333333334,11824.333333333334,11839.666666666666,11839.666666666666,11839.666666666666,11872.333333333334,11872.333333333334,11872.333333333334,11974.333333333334,11974.333333333334,11974.333333333334
Missouri,12655.666666666666,12655.666666666666,12655.666666666666,12718.0,12718.0,12718.0,12863.666666666666,12863.666666666666,12863.666666666666,12960.0,12960.0,12960.0,13172.0,13172.0,13172.0,13298.0,13298.0,13298.0,13204.666666666666,13204.666666666666,13204.666666666666,13623.666666666666,13623.666666666666,13623.666666666666,13311.333333333334,13311.333333333334,13311.333333333334,13366.666666666666,13366.666666666666,13366.666666666666,13396.333333333334,13396.333333333334,13396.333333333334,13415.333333333334,13415.333333333334,13415.333333333334,13549.0,13549.0,13549.0,13732.0,13732.0,13732.0,13868.333333333334,13868.333333333334,13868.333333333334,14013.666666666666,14013.666666666666,14013.666666666666,14078.333333333334,14078.333333333334,14078.333333333334,14175.333333333334,14175.333333333334,14175.333333333334,14285.666666666666,14285.666666666666,14285.666666666666,14355.666666666666,14355.666666666666,14355.666666666666,14524.0,14524.0,14524.0,14554.666666666666,14554.666666666666,14554.666666666666,14618.666666666666,14618.666666666666,14618.666666666666,14725.333333333334,14725.333333333334,14725.333333333334
Montana,12556.666666666666,12556.666666666666,12556.666666666666,12622.333333333334,12622.333333333334,12622.333333333334,12757.666666666666,12757.666666666666,12757.666666666666,12923.666666666666,12923.666666666666,12923.666666666666,13284.666666666666,13284.666666666666,13284.666666666666,13339.0,13339.0,13339.0,13285.333333333334,13285.333333333334,13285.333333333334,13679.666666666666,13679.666666666666,13679.666666666666,13311.0,13311.0,13311.0,13390.666666666666,13390.666666666666,13390.666666666666,13404.666666666666,13404.666666666666,13404.666666666666,13418.666666666666,13418.666666666666,13418.666666666666,13647.666666666666,13647.666666666666,13647.666666666666,13936.0,13936.0,13936.0,14033.333333333334,14033.333333333334,14033.333333333334,14167.333333333334,14167.333333333334,14167.333333333334,14316.666666666666,14316.666666666666,14316.666666666666,14367.333333333334,14367.333333333334,14367.333333333334,14435.0,14435.0,14435.0,14319.333333333334,14319.333333333334,14319.333333333334,14280.666666666666,14280.666666666666,14280.666666666666,14313.666666666666,14313.666666666666,14313.666666666666,14450.0,14450.0,14450.0,14673.333333333334,14673.333333333334,14673.333333333334
Nebraska,15044.666666666666,15044.666666666666,15044.666666666666,15121.333333333334,15121.333333333334,15121.333333333334,15281.0,15281.0,15281.0,15348.666666666666,15348.666666666666,15348.666666666666,15424.666666666666,15424.666666666666,15424.666666666666,15508.666666666666,15508.666666666666,15508.666666666666,15239.0,15239.0,15239.0,15665.333333333334,15665.333333333334,15665.333333333334,15396.0,15396.0,15396.0,15356.0,15356.0,15356.0,15329.0,15329.0,15329.0,15119.333333333334,15119.333333333334,15119.333333333334,15694.333333333334,15694.333333333334,15694.333333333334,16124.0,16124.0,16124.0,16085.0,16085.0,16085.0,16341.0,16341.0,16341.0,16451.0,16451.0,16451.0,16578.333333333332,16578.333333333332,16578.333333333332,16667.666666666668,16667.666666666668,16667.666666666668,16561.0,16561.0,16561.0,16278.666666666666,16278.666666666666,16278.666666666666,16203.666666666666,16203.666666666666,16203.666666666666,16201.333333333334,16201.333333333334,16201.333333333334,16242.333333333334,16242.333333333334,16242.333333333334
Nevada,12755.333333333334,12755.333333333334,12755.333333333334,12877.666666666666,12877.666666666666,12877.666666666666,12924.333333333334,12924.333333333334,12924.333333333334,12844.666666666666,12844.666666666666,12844.666666666666,13125.0,13125.0,13125.0,13139.333333333334,13139.333333333334,13139.333333333334,13104.0,13104.0,13104.0,13524.333333333334,13524.333333333334,13524.333333333334,12966.0,12966.0,12966.0,13075.333333333334,13075.333333333334,13075.333333333334,13144.333333333334,13144.333333333334,13144.333333333334,13222.333333333334,13222.333333333334,13222.333333333334,13368.666666666666,13368.666666666666,13368.666666666666,13612.666666666666,13612.666666666666,13612.666666666666,13771.333333333334,13771.333333333334,13771.333333333334,14047.666666666666,14047.666666666666,14047.666666666666,14427.0,14427.0,14427.0,14599.666666666666,14599.666666666666,14599.666666666666,14616.333333333334,14616.333333333334,14616.333333333334,14739.333333333334,14739.333333333334,14739.333333333334,14680.666666666666,14680.666666666666,14680.666666666666,14787.0,14787.0,14787.0,15164.666666666666,15164.666666666666,15164.666666666666,14970.666666666666,14970.666666666666,14970.666666666666
New England,17642.666666666668,17642.666666666668,17642.666666666668,17948.0,17948.0,17948.0,17950.333333333332,17950.333333333332,17950.333333333332,17950.0,17950.0,17950.0,18098.333333333332,18098.333333333332,18098.333333333332,18242.666666666668,18242.666666666668,18242.666666666668,18075.0,18075.0,18075.0,18624.333333333332,18624.333333333332,18624.333333333332,17991.0,17991.0,17991.0,18086.333333333332,18086.333333333332,18086.333333333332,18138.333333333332,18138.333333333332,18138.333333333332,18198.666666666668,18198.666666666668,18198.666666666668,18415.666666666668,18415.666666666668,18415.666666666668,18606.333333333332,18606.333333333332,18606.333333333332,18846.0,18846.0,18846.0,19175.0,19175.0,19175.0,19313.333333333332,19313.333333333332,19313.333333333332,19546.666666666668,19546.666666666668,19546.666666666668,19649.666666666668,19649.666666666668,19649.666666666668,19859.0,19859.0,19859.0,19904.666666666668,19904.666666666668,19904.666666666668,20035.333333333332,20035.333333333332,20035.333333333332,20204.0,20204.0,20204.0,20261.666666666668,20261.666666666668,20261.666666666668
New Hampshire,16156.333333333334,16156.333333333334,16156.333333333334,16400.0,16400.0,16400.0,16433.0,16433.0,16433.0,16449.0,16449.0,16449.0,16777.666666666668,16777.666666666668,16777.666666666668,16848.0,16848.0,16848.0,16805.333333333332,16805.333333333332,16805.333333333332,17189.0,17189.0,17189.0,16702.333333333332,16702.333333333332,16702.333333333332,16816.333333333332,16816.333333333332,16816.333333333332,16821.333333333332,16821.333333333332,16821.333333333332,16856.666666666668,16856.666666666668,16856.666666666668,17061.0,17061.0,17061.0,17276.333333333332,17276.333333333332,17276.333333333332,17319.666666666668,17319.666666666668,17319.666666666668,17673.333333333332,17673.333333333332,17673.333333333332,17678.666666666668,17678.666666666668,17678.666666666668,17999.666666666668,17999.666666666668,17999.666666666668,18085.666666666668,18085.666666666668,18085.666666666668,18421.0,18421.0,18421.0,18335.0,18335.0,18335.0,18512.0,18512.0,18512.0,18687.666666666668,18687.666666666668,18687.666666666668,18688.333333333332,18688.333333333332,18688.333333333332
New Jersey,17451.0,17451.0,17451.0,17573.0,17573.0,17573.0,17703.666666666668,17703.666666666668,17703.666666666668,17745.333333333332,17745.333333333332,17745.333333333332,17965.333333333332,17965.333333333332,17965.333333333332,17991.666666666668,17991.666666666668,17991.666666666668,17953.333333333332,17953.333333333332,17953.333333333332,18391.333333333332,18391.333333333332,18391.333333333332,17981.666666666668,17981.666666666668,17981.666666666668,18108.666666666668,18108.666666666668,18108.666666666668,18123.666666666668,18123.666666666668,18123.666666666668,18263.333333333332,18263.333333333332,18263.333333333332,18488.666666666668,18488.666666666668,18488.666666666668,18685.666666666668,18685.666666666668,18685.666666666668,18870.333333333332,18870.333333333332,18870.333333333332,19101.0,19101.0,19101.0,19300.0,19300.0,19300.0,19439.333333333332,19439.333333333332,19439.333333333332,19549.666666666668,19549.666666666668,19549.666666666668,19574.333333333332,19574.333333333332,19574.333333333332,19791.333333333332,19791.333333333332,19791.333333333332,19821.0,19821.0,19821.0,19952.0,19952.0,19952.0,20111.0,20111.0,20111.0
New Mexico,11605.666666666666,11605.666666666666,11605.666666666666,11670.333333333334,11670.333333333334,11670.333333333334,11732.0,11732.0,11732.0,11765.666666666666,11765.666666666666,11765.666666666666,11918.666666666666,11918.666666666666,11918.666666666666,11988.666666666666,11988.666666666666,11988.666666666666,11822.0,11822.0,11822.0,11856.333333333334,11856.333333333334,11856.333333333334,11576.333333333334,11576.333333333334,11576.333333333334,11621.0,11621.0,11621.0,11613.0,11613.0,11613.0,11677.333333333334,11677.333333333334,11677.333333333334,12013.666666666666,12013.666666666666,12013.666666666666,12213.0,12213.0,12213.0,12373.333333333334,12373.333333333334,12373.333333333334,12552.666666666666,12552.666666666666,12552.666666666666,12488.666666666666,12488.666666666666,12488.666666666666,12590.333333333334,12590.333333333334,12590.333333333334,12583.666666666666,12583.666666666666,12583.666666666666,12654.666666666666,12654.666666666666,12654.666666666666,12714.0,12714.0,12714.0,12843.333333333334,12843.333333333334,12843.333333333334,12857.333333333334,12857.333333333334,12857.333333333334,12878.333333333334,12878.333333333334,12878.333333333334
New York,16951.0,16951.0,16951.0,16879.666666666668,16879.666666666668,16879.666666666668,16946.333333333332,16946.333333333332,16946.333333333332,16919.666666666668,16919.666666666668,16919.666666666668,17259.0,17259.0,17259.0,17463.666666666668,17463.666666666668,17463.666666666668,17381.666666666668,17381.666666666668,17381.666666666668,18054.333333333332,18054.333333333332,18054.333333333332,17436.666666666668,17436.666666666668,17436.666666666668,17626.666666666668,17626.666666666668,17626.666666666668,17679.333333333332,17679.333333333332,17679.333333333332,17755.0,17755.0,17755.0,17865.0,17865.0,17865.0,18000.0,18000.0,18000.0,18257.0,18257.0,18257.0,18533.666666666668,18533.666666666668,18533.666666666668,18589.333333333332,18589.333333333332,18589.333333333332,18857.333333333332,18857.333333333332,18857.333333333332,19023.333333333332,19023.333333333332,19023.333333333332,19005.0,19005.0,19005.0,19300.0,19300.0,19300.0,19340.666666666668,19340.666666666668,19340.666666666668,19457.333333333332,19457.333333333332,19457.333333333332,19766.0,19766.0,19766.0
North Carolina,12197.333333333334,12197.333333333334,12197.333333333334,12250.666666666666,12250.666666666666,12250.666666666666,12295.0,12295.0,12295.0,12340.333333333334,12340.333333333334,12340.333333333334,12832.333333333334,12832.333333333334,12832.333333333334,12949.333333333334,12949.333333333334,12949.333333333334,12910.666666666666,12910.666666666666,12910.666666666666,13130.333333333334,13130.333333333334,13130.333333333334,12670.333333333334,12670.333333333334,12670.333333333334,12659.333333333334,12659.333333333334,12659.333333333334,12681.0,12681.0,12681.0,12749.666666666666,12749.666666666666,12749.666666666666,13013.0,13013.0,13013.0,13214.666666666666,13214.666666666666,13214.666666666666,13389.0,13389.0,13389.0,13538.666666666666,13538.666666666666,13538.666666666666,13741.0,13741.0,13741.0,13826.0,13826.0,13826.0,13930.666666666666,13930.666666666666,13930.666666666666,13985.666666666666,13985.666666666666,13985.666666666666,14104.0,14104.0,14104.0,14113.666666666666,14113.666666666666,14113.666666666666,14207.0,14207.0,14207.0,14367.333333333334,14367.333333333334,14367.333333333334
North Dakota,15746.333333333334,15746.333333333334,15746.333333333334,15989.0,15989.0,15989.0,16437.0,16437.0,16437.0,16904.0,16904.0,16904.0,17990.0,17990.0,17990.0,18503.666666666668,18503.666666666668,18503.666666666668,18699.0,18699.0,18699.0,19462.666666666668,19462.666666666668,19462.666666666668,17921.333333333332,17921.333333333332,17921.333333333332,18167.333333333332,18167.333333333332,18167.333333333332,18283.333333333332,18283.333333333332,18283.333333333332,18134.666666666668,18134.666666666668,18134.666666666668,18491.333333333332,18491.333333333332,18491.333333333332,19011.666666666668,19011.666666666668,19011.666666666668,18949.666666666668,18949.666666666668,18949.666666666668,19045.666666666668,19045.666666666668,19045.666666666668,18143.666666666668,18143.666666666668,18143.666666666668,17683.0,17683.0,17683.0,17496.666666666668,17496.666666666668,17496.666666666668,17491.666666666668,17491.666666666668,17491.666666666668,17038.333333333332,17038.333333333332,17038.333333333332,17015.333333333332,17015.333333333332,17015.333333333332,17184.666666666668,17184.666666666668,17184.666666666668,17152.666666666668,17152.666666666668,17152.666666666668
Ohio,12784.333333333334,12784.333333333334,12784.333333333334,12886.666666666666,12886.666666666666,12886.666666666666,13067.333333333334,13067.333333333334,13067.333333333334,13159.0,13159.0,13159.0,13262.0,13262.0,13262.0,13403.666666666666,13403.666666666666,13403.666666666666,13338.0,13338.0,13338.0,13677.666666666666,13677.666666666666,13677.666666666666,13477.0,13477.0,13477.0,13588.333333333334,13588.333333333334,13588.333333333334,13618.666666666666,13618.666666666666,13618.666666666666,13646.333333333334,13646.333333333334,13646.333333333334,13867.333333333334,13867.333333333334,13867.333333333334,14015.0,14015.0,14015.0,14166.333333333334,14166.333333333334,14166.333333333334,14316.0,14316.0,14316.0,14433.666666666666,14433.666666666666,14433.666666666666,14567.333333333334,14567.333333333334,14567.333333333334,14641.666666666666,14641.666666666666,14641.666666666666,14746.666666666666,14746.666666666666,14746.666666666666,14744.333333333334,14744.333333333334,14744.333333333334,14807.0,14807.0,14807.0,14861.333333333334,14861.333333333334,14861.333333333334,15006.0,15006.0,15006.0
Oklahoma,12896.666666666666,12896.666666666666,12896.666666666666,13153.666666666666,13153.666666666666,13153.666666666666,13378.0,13378.0,13378.0,13485.333333333334,13485.333333333334,13485.333333333334,13802.0,13802.0,13802.0,13891.666666666666,13891.666666666666,13891.666666666666,13850.0,13850.0,13850.0,14310.0,14310.0,14310.0,14336.0,14336.0,14336.0,14538.666666666666,14538.666666666666,14538.666666666666,14602.666666666666,14602.666666666666,14602.666666666666,14673.666666666666,14673.666666666666,14673.666666666666,15080.666666666666,15080.666666666666,15080.666666666666,15282.666666666666,15282.666666666666,15282.666666666666,15401.333333333334,15401.333333333334,15401.333333333334,15389.333333333334,15389.333333333334,15389.333333333334,14955.0,14955.0,14955.0,14752.0,14752.0,14752.0,14750.666666666666,14750.666666666666,14750.666666666666,14598.666666666666,14598.666666666666,14598.666666666666,14051.333333333334,14051.333333333334,14051.333333333334,13992.333333333334,13992.333333333334,13992.333333333334,13993.666666666666,13993.666666666666,13993.666666666666,14047.666666666666,14047.666666666666,14047.666666666666
Oregon,12443.333333333334,12443.333333333334,12443.333333333334,12477.0,12477.0,12477.0,12496.0,12496.0,12496.0,12630.666666666666,12630.666666666666,12630.666666666666,12952.0,12952.0,12952.0,13020.666666666666,13020.666666666666,13020.666666666666,12967.333333333334,12967.333333333334,12967.333333333334,13225.666666666666,13225.666666666666,13225.666666666666,13009.333333333334,13009.333333333334,13009.333333333334,13122.666666666666,13122.666666666666,13122.666666666666,13199.666666666666,13199.666666666666,13199.666666666666,13246.666666666666,13246.666666666666,13246.666666666666,13534.333333333334,13534.333333333334,13534.333333333334,13796.666666666666,13796.666666666666,13796.666666666666,13998.666666666666,13998.666666666666,13998.666666666666,14173.666666666666,14173.666666666666,14173.666666666666,14540.333333333334,14540.333333333334,14540.333333333334,14634.666666666666,14634.666666666666,14634.666666666666,14824.666666666666,14824.666666666666,14824.666666666666,14837.666666666666,14837.666666666666,14837.666666666666,15093.0,15093.0,15093.0,15100.333333333334,15100.333333333334,15100.333333333334,15153.0,15153.0,15153.0,15305.0,15305.0,15305.0
Pennsylvania,14513.333333333334,14513.333333333334,14513.333333333334,14667.0,14667.0,14667.0,14806.0,14806.0,14806.0,14838.0,14838.0,14838.0,15072.0,15072.0,15072.0,15152.666666666666,15152.666666666666,15152.666666666666,15140.0,15140.0,15140.0,15478.666666666666,15478.666666666666,15478.666666666666,15155.0,15155.0,15155.0,15322.333333333334,15322.333333333334,15322.333333333334,15332.333333333334,15332.333333333334,15332.333333333334,15383.666666666666,15383.666666666666,15383.666666666666,15567.333333333334,15567.333333333334,15567.333333333334,15742.333333333334,15742.333333333334,15742.333333333334,15895.666666666666,15895.666666666666,15895.666666666666,16080.666666666666,16080.666666666666,16080.666666666666,16243.333333333334,16243.333333333334,16243.333333333334,16361.333333333334,16361.333333333334,16361.333333333334,16491.0,16491.0,16491.0,16615.0,16615.0,16615.0,16680.333333333332,16680.333333333332,16680.333333333332,16760.333333333332,16760.333333333332,16760.333333333332,16947.0,16947.0,16947.0,17026.333333333332,17026.333333333332,17026.333333333332
Plains,13928.0,13928.0,13928.0,14049.0,14049.0,14049.0,14216.666666666666,14216.666666666666,14216.666666666666,14296.0,14296.0,14296.0,14615.666666666666,14615.666666666666,14615.666666666666,14740.333333333334,14740.333333333334,14740.333333333334,14605.333333333334,14605.333333333334,14605.333333333334,15076.0,15076.0,15076.0,14718.333333333334,14718.333333333334,14718.333333333334,14808.333333333334,14808.333333333334,14808.333333333334,14864.0,14864.0,14864.0,14831.666666666666,14831.666666666666,14831.666666666666,14988.666666666666,14988.666666666666,14988.666666666666,15276.666666666666,15276.666666666666,15276.666666666666,15393.666666666666,15393.666666666666,15393.666666666666,15542.666666666666,15542.666666666666,15542.666666666666,15623.0,15623.0,15623.0,15664.0,15664.0,15664.0,15747.0,15747.0,15747.0,15783.666666666666,15783.666666666666,15783.666666666666,15744.0,15744.0,15744.0,15766.333333333334,15766.333333333334,15766.333333333334,15885.0,15885.0,15885.0,15950.333333333334,15950.333333333334,15950.333333333334
Rhode Island,14497.666666666666,14497.666666666666,14497.666666666666,14758.0,14758.0,14758.0,14762.666666666666,14762.666666666666,14762.666666666666,14758.666666666666,14758.666666666666,14758.666666666666,15055.666666666666,15055.666666666666,15055.666666666666,15088.333333333334,15088.333333333334,15088.333333333334,15024.666666666666,15024.666666666666,15024.666666666666,15220.666666666666,15220.666666666666,15220.666666666666,14957.333333333334,14957.333333333334,14957.333333333334,14990.333333333334,14990.333333333334,14990.333333333334,15073.333333333334,15073.333333333334,15073.333333333334,15107.333333333334,15107.333333333334,15107.333333333334,15357.0,15357.0,15357.0,15430.666666666666,15430.666666666666,15430.666666666666,15573.333333333334,15573.333333333334,15573.333333333334,15804.0,15804.0,15804.0,15860.333333333334,15860.333333333334,15860.333333333334,16016.333333333334,16016.333333333334,16016.333333333334,16053.0,16053.0,16053.0,16122.333333333334,16122.333333333334,16122.333333333334,16032.666666666666,16032.666666666666,16032.666666666666,16113.666666666666,16113.666666666666,16113.666666666666,16280.666666666666,16280.666666666666,16280.666666666666,16268.0,16268.0,16268.0
Rocky Mountain,13051.666666666666,13051.666666666666,13051.666666666666,13156.333333333334,13156.333333333334,13156.333333333334,13298.333333333334,13298.333333333334,13298.333333333334,13342.333333333334,13342.333333333334,13342.333333333334,13621.333333333334,13621.333333333334,13621.333333333334,13727.0,13727.0,13727.0,13627.333333333334,13627.333333333334,13627.333333333334,14202.666666666666,14202.666666666666,14202.666666666666,13914.333333333334,13914.333333333334,13914.333333333334,14083.333333333334,14083.333333333334,14083.333333333334,14190.666666666666,14190.666666666666,14190.666666666666,14253.333333333334,14253.333333333334,14253.333333333334,14600.666666666666,14600.666666666666,14600.666666666666,14836.666666666666,14836.666666666666,14836.666666666666,14963.333333333334,14963.333333333334,14963.333333333334,15178.0,15178.0,15178.0,15316.666666666666,15316.666666666666,15316.666666666666,15397.333333333334,15397.333333333334,15397.333333333334,15417.666666666666,15417.666666666666,15417.666666666666,15410.333333333334,15410.333333333334,15410.333333333334,15365.0,15365.0,15365.0,15400.333333333334,15400.333333333334,15400.333333333334,15522.666666666666,15522.666666666666,15522.666666666666,15681.333333333334,15681.333333333334,15681.333333333334
South Carolina,11354.333333333334,11354.333333333334,11354.333333333334,11467.333333333334,11467.333333333334,11467.333333333334,11513.333333333334,11513.333333333334,11513.333333333334,11520.333333333334,11520.333333333334,11520.333333333334,11863.0,11863.0,11863.0,11917.0,11917.0,11917.0,11847.666666666666,11847.666666666666,11847.666666666666,12103.666666666666,12103.666666666666,12103.666666666666,11865.333333333334,11865.333333333334,11865.333333333334,11911.666666666666,11911.666666666666,11911.666666666666,12027.0,12027.0,12027.0,12068.666666666666,12068.666666666666,12068.666666666666,12297.333333333334,12297.333333333334,12297.333333333334,12548.666666666666,12548.666666666666,12548.666666666666,12670.0,12670.0,12670.0,12800.0,12800.0,12800.0,13012.333333333334,13012.333333333334,13012.333333333334,13133.666666666666,13133.666666666666,13133.666666666666,13272.666666666666,13272.666666666666,13272.666666666666,13370.666666666666,13370.666666666666,13370.666666666666,13425.333333333334,13425.333333333334,13425.333333333334,13512.0,13512.0,13512.0,13620.333333333334,13620.333333333334,13620.333333333334,13772.333333333334,13772.333333333334,13772.333333333334
South Dakota,14720.0,14720.0,14720.0,14722.666666666666,14722.666666666666,14722.666666666666,14833.666666666666,14833.666666666666,14833.666666666666,15069.333333333334,15069.333333333334,15069.333333333334,15132.666666666666,15132.666666666666,15132.666666666666,15143.0,15143.0,15143.0,14408.666666666666,14408.666666666666,14408.666666666666,15311.666666666666,15311.666666666666,15311.666666666666,15064.666666666666,15064.666666666666,15064.666666666666,15078.333333333334,15078.333333333334,15078.333333333334,15005.0,15005.0,15005.0,14847.666666666666,14847.666666666666,14847.666666666666,15316.333333333334,15316.333333333334,15316.333333333334,15664.0,15664.0,15664.0,15610.333333333334,15610.333333333334,15610.333333333334,15724.0,15724.0,15724.0,15891.666666666666,15891.666666666666,15891.666666666666,15999.333333333334,15999.333333333334,15999.333333333334,16141.0,16141.0,16141.0,16331.0,16331.0,16331.0,15994.333333333334,15994.333333333334,15994.333333333334,16017.666666666666,16017.666666666666,16017.666666666666,16180.666666666666,16180.666666666666,16180.666666666666,16167.666666666666,16167.666666666666,16167.666666666666
Southeast,12639.0,12639.0,12639.0,12717.666666666666,12717.666666666666,12717.666666666666,12811.666666666666,12811.666666666666,12811.666666666666,12856.666666666666,12856.666666666666,12856.666666666666,13044.666666666666,13044.666666666666,13044.666666666666,13123.666666666666,13123.666666666666,13123.666666666666,13046.0,13046.0,13046.0,13389.333333333334,13389.333333333334,13389.333333333334,13023.0,13023.0,13023.0,13064.666666666666,13064.666666666666,13064.666666666666,13104.333333333334,13104.333333333334,13104.333333333334,13134.0,13134.0,13134.0,13383.0,13383.0,13383.0,13598.333333333334,13598.333333333334,13598.333333333334,13730.666666666666,13730.666666666666,13730.666666666666,13888.666666666666,13888.666666666666,13888.666666666666,14055.666666666666,14055.666666666666,14055.666666666666,14179.333333333334,14179.333333333334,14179.333333333334,14263.333333333334,14263.333333333334,14263.333333333334,14315.333333333334,14315.333333333334,14315.333333333334,14350.666666666666,14350.666666666666,14350.666666666666,14401.0,14401.0,14401.0,14513.333333333334,14513.333333333334,14513.333333333334,14654.666666666666,14654.666666666666,14654.666666666666
Southwest,13207.666666666666,13207.666666666666,13207.666666666666,13344.0,13344.0,13344.0,13497.333333333334,13497.333333333334,13497.333333333334,13540.0,13540.0,13540.0,13869.0,13869.0,13869.0,13955.0,13955.0,13955.0,13843.0,13843.0,13843.0,14275.333333333334,14275.333333333334,14275.333333333334,14005.0,14005.0,14005.0,14165.666666666666,14165.666666666666,14165.666666666666,14236.666666666666,14236.666666666666,14236.666666666666,14298.666666666666,14298.666666666666,14298.666666666666,14665.333333333334,14665.333333333334,14665.333333333334,14867.333333333334,14867.333333333334,14867.333333333334,14986.666666666666,14986.666666666666,14986.666666666666,15081.0,15081.0,15081.0,15061.333333333334,15061.333333333334,15061.333333333334,14977.0,14977.0,14977.0,14954.666666666666,14954.666666666666,14954.666666666666,14880.0,14880.0,14880.0,14687.333333333334,14687.333333333334,14687.333333333334,14695.666666666666,14695.666666666666,14695.666666666666,14798.0,14798.0,14798.0,14936.0,14936.0,14936.0
Tennessee,12396.666666666666,12396.666666666666,12396.666666666666,12516.333333333334,12516.333333333334,12516.333333333334,12635.0,12635.0,12635.0,12696.333333333334,12696.333333333334,12696.333333333334,12904.0,12904.0,12904.0,13014.0,13014.0,13014.0,12957.0,12957.0,12957.0,13235.0,13235.0,13235.0,13013.0,13013.0,13013.0,13019.0,13019.0,13019.0,13027.333333333334,13027.333333333334,13027.333333333334,13058.666666666666,13058.666666666666,13058.666666666666,13267.333333333334,13267.333333333334,13267.333333333334,13381.666666666666,13381.666666666666,13381.666666666666,13438.333333333334,13438.333333333334,13438.333333333334,13533.0,13533.0,13533.0,13808.0,13808.0,13808.0,13948.0,13948.0,13948.0,14038.0,14038.0,14038.0,14107.0,14107.0,14107.0,14203.333333333334,14203.333333333334,14203.333333333334,14214.666666666666,14214.666666666666,14214.666666666666,14352.0,14352.0,14352.0,14464.333333333334,14464.333333333334,14464.333333333334
Texas,13775.0,13775.0,13775.0,13921.0,13921.0,13921.0,14089.0,14089.0,14089.0,14115.333333333334,14115.333333333334,14115.333333333334,14502.0,14502.0,14502.0,14585.666666666666,14585.666666666666,14585.666666666666,14465.333333333334,14465.333333333334,14465.333333333334,14936.333333333334,14936.333333333334,14936.333333333334,14605.666666666666,14605.666666666666,14605.666666666666,14777.333333333334,14777.333333333334,14777.333333333334,14859.333333333334,14859.333333333334,14859.333333333334,14925.666666666666,14925.666666666666,14925.666666666666,15330.666666666666,15330.666666666666,15330.666666666666,15554.0,15554.0,15554.0,15669.0,15669.0,15669.0,15754.0,15754.0,15754.0,15741.333333333334,15741.333333333334,15741.333333333334,15607.333333333334,15607.333333333334,15607.333333333334,15571.0,15571.0,15571.0,15445.666666666666,15445.666666666666,15445.666666666666,15209.333333333334,15209.333333333334,15209.333333333334,15185.0,15185.0,15185.0,15298.666666666666,15298.666666666666,15298.666666666666,15472.333333333334,15472.333333333334,15472.333333333334
United States,14076.666666666666,14076.666666666666,14076.666666666666,14167.0,14167.0,14167.0,14288.333333333334,14288.333333333334,14288.333333333334,14324.666666666666,14324.666666666666,14324.666666666666,14585.666666666666,14585.666666666666,14585.666666666666,14692.333333333334,14692.333333333334,14692.333333333334,14612.333333333334,14612.333333333334,14612.333333333334,15083.0,15083.0,15083.0,14664.0,14664.0,14664.0,14784.0,14784.0,14784.0,14841.666666666666,14841.666666666666,14841.666666666666,14900.0,14900.0,14900.0,15133.0,15133.0,15133.0,15350.0,15350.0,15350.0,15520.0,15520.0,15520.0,15701.0,15701.0,15701.0,15867.333333333334,15867.333333333334,15867.333333333334,15992.0,15992.0,15992.0,16079.333333333334,16079.333333333334,16079.333333333334,16134.0,16134.0,16134.0,16184.0,16184.0,16184.0,16237.666666666666,16237.666666666666,16237.666666666666,16363.333333333334,16363.333333333334,16363.333333333334,16509.333333333332,16509.333333333332,16509.333333333332
Utah,11181.0,11181.0,11181.0,11301.333333333334,11301.333333333334,11301.333333333334,11409.0,11409.0,11409.0,11457.666666666666,11457.666666666666,11457.666666666666,11727.666666666666,11727.666666666666,11727.666666666666,11810.333333333334,11810.333333333334,11810.333333333334,11705.333333333334,11705.333333333334,11705.333333333334,12232.333333333334,12232.333333333334,12232.333333333334,11901.666666666666,11901.666666666666,11901.666666666666,12042.666666666666,12042.666666666666,12042.666666666666,12129.0,12129.0,12129.0,12067.666666666666,12067.666666666666,12067.666666666666,12344.333333333334,12344.333333333334,12344.333333333334,12461.0,12461.0,12461.0,12563.333333333334,12563.333333333334,12563.333333333334,12771.666666666666,12771.666666666666,12771.666666666666,13100.666666666666,13100.666666666666,13100.666666666666,13252.0,13252.0,13252.0,13346.0,13346.0,13346.0,13435.0,13435.0,13435.0,13629.333333333334,13629.333333333334,13629.333333333334,13682.666666666666,13682.666666666666,13682.666666666666,13791.666666666666,13791.666666666666,13791.666666666666,13953.0,13953.0,13953.0
Vermont,14356.0,14356.0,14356.0,14531.666666666666,14531.666666666666,14531.666666666666,14641.0,14641.0,14641.0,14829.0,14829.0,14829.0,14808.666666666666,14808.666666666666,14808.666666666666,14974.666666666666,14974.666666666666,14974.666666666666,14812.333333333334,14812.333333333334,14812.333333333334,15192.333333333334,15192.333333333334,15192.333333333334,14939.333333333334,14939.333333333334,14939.333333333334,15119.333333333334,15119.333333333334,15119.333333333334,15132.666666666666,15132.666666666666,15132.666666666666,15211.0,15211.0,15211.0,15303.666666666666,15303.666666666666,15303.666666666666,15503.0,15503.0,15503.0,15719.666666666666,15719.666666666666,15719.666666666666,15975.0,15975.0,15975.0,15869.666666666666,15869.666666666666,15869.666666666666,16012.333333333334,16012.333333333334,16012.333333333334,16105.666666666666,16105.666666666666,16105.666666666666,16180.333333333334,16180.333333333334,16180.333333333334,16231.333333333334,16231.333333333334,16231.333333333334,16218.333333333334,16218.333333333334,16218.333333333334,16306.0,16306.0,16306.0,16311.666666666666,16311.666666666666,16311.666666666666
Virginia,15687.333333333334,15687.333333333334,15687.333333333334,15786.666666666666,15786.666666666666,15786.666666666666,15945.0,15945.0,15945.0,15982.666666666666,15982.666666666666,15982.666666666666,16227.0,16227.0,16227.0,16287.666666666666,16287.666666666666,16287.666666666666,16230.333333333334,16230.333333333334,16230.333333333334,16656.666666666668,16656.666666666668,16656.666666666668,16076.0,16076.0,16076.0,16069.333333333334,16069.333333333334,16069.333333333334,16035.0,16035.0,16035.0,16079.333333333334,16079.333333333334,16079.333333333334,16348.333333333334,16348.333333333334,16348.333333333334,16531.0,16531.0,16531.0,16658.666666666668,16658.666666666668,16658.666666666668,16803.0,16803.0,16803.0,16997.666666666668,16997.666666666668,16997.666666666668,17189.0,17189.0,17189.0,17295.0,17295.0,17295.0,17332.0,17332.0,17332.0,17375.333333333332,17375.333333333332,17375.333333333332,17458.333333333332,17458.333333333332,17458.333333333332,17589.666666666668,17589.666666666668,17589.666666666668,17771.333333333332,17771.333333333332,17771.333333333332
Washington,14627.666666666666,14627.666666666666,14627.666666666666,14668.0,14668.0,14668.0,14781.333333333334,14781.333333333334,14781.333333333334,14967.666666666666,14967.666666666666,14967.666666666666,15412.333333333334,15412.333333333334,15412.333333333334,15619.666666666666,15619.666666666666,15619.666666666666,15578.0,15578.0,15578.0,16117.0,16117.0,16117.0,15635.0,15635.0,15635.0,15747.333333333334,15747.333333333334,15747.333333333334,15914.666666666666,15914.666666666666,15914.666666666666,15930.666666666666,15930.666666666666,15930.666666666666,16332.666666666666,16332.666666666666,16332.666666666666,16617.666666666668,16617.666666666668,16617.666666666668,16902.666666666668,16902.666666666668,16902.666666666668,17119.666666666668,17119.666666666668,17119.666666666668,17287.0,17287.0,17287.0,17434.666666666668,17434.666666666668,17434.666666666668,17544.333333333332,17544.333333333332,17544.333333333332,17571.333333333332,17571.333333333332,17571.333333333332,17878.666666666668,17878.666666666668,17878.666666666668,17969.333333333332,17969.333333333332,17969.333333333332,18114.666666666668,18114.666666666668,18114.666666666668,18424.0,18424.0,18424.0
West Virginia,11311.0,11311.0,11311.0,11477.0,11477.0,11477.0,11579.0,11579.0,11579.0,11620.0,11620.0,11620.0,11739.333333333334,11739.333333333334,11739.333333333334,11804.333333333334,11804.333333333334,11804.333333333334,11675.666666666666,11675.666666666666,11675.666666666666,11761.0,11761.0,11761.0,11687.333333333334,11687.333333333334,11687.333333333334,11709.333333333334,11709.333333333334,11709.333333333334,11684.666666666666,11684.666666666666,11684.666666666666,11708.333333333334,11708.333333333334,11708.333333333334,11868.333333333334,11868.333333333334,11868.333333333334,12040.0,12040.0,12040.0,12137.0,12137.0,12137.0,12280.666666666666,12280.666666666666,12280.666666666666,12278.0,12278.0,12278.0,12404.0,12404.0,12404.0,12391.0,12391.0,12391.0,12357.333333333334,12357.333333333334,12357.333333333334,12320.0,12320.0,12320.0,12342.333333333334,12342.333333333334,12342.333333333334,12344.333333333334,12344.333333333334,12344.333333333334,12430.333333333334,12430.333333333334,12430.333333333334
Wisconsin,13536.666666666666,13536.666666666666,13536.666666666666,13634.0,13634.0,13634.0,13847.0,13847.0,13847.0,13733.0,13733.0,13733.0,14064.0,14064.0,14064.0,14137.0,14137.0,14137.0,14099.333333333334,14099.333333333334,14099.333333333334,14539.333333333334,14539.333333333334,14539.333333333334,14087.0,14087.0,14087.0,14226.333333333334,14226.333333333334,14226.333333333334,14289.0,14289.0,14289.0,14307.333333333334,14307.333333333334,14307.333333333334,14436.666666666666,14436.666666666666,14436.666666666666,14684.0,14684.0,14684.0,14768.666666666666,14768.666666666666,14768.666666666666,14980.666666666666,14980.666666666666,14980.666666666666,15172.666666666666,15172.666666666666,15172.666666666666,15277.0,15277.0,15277.0,15358.0,15358.0,15358.0,15419.0,15419.0,15419.0,15435.666666666666,15435.666666666666,15435.666666666666,15459.333333333334,15459.333333333334,15459.333333333334,15592.333333333334,15592.333333333334,15592.333333333334,15623.666666666666,15623.666666666666,15623.666666666666
Wyoming,16538.666666666668,16538.666666666668,16538.666666666668,16666.333333333332,16666.333333333332,16666.333333333332,16959.666666666668,16959.666666666668,16959.666666666668,17241.666666666668,17241.666666666668,17241.666666666668,17605.666666666668,17605.666666666668,17605.666666666668,17900.0,17900.0,17900.0,17594.666666666668,17594.666666666668,17594.666666666668,18396.333333333332,18396.333333333332,18396.333333333332,17480.666666666668,17480.666666666668,17480.666666666668,17547.333333333332,17547.333333333332,17547.333333333332,17642.0,17642.0,17642.0,17851.0,17851.0,17851.0,18244.666666666668,18244.666666666668,18244.666666666668,18678.0,18678.0,18678.0,18909.333333333332,18909.333333333332,18909.333333333332,19113.333333333332,19113.333333333332,19113.333333333332,18946.333333333332,18946.333333333332,18946.333333333332,18759.0,18759.0,18759.0,18718.0,18718.0,18718.0,18464.333333333332,18464.333333333332,18464.333333333332,17943.333333333332,17943.333333333332,17943.333333333332,17732.0,17732.0,17732.0,17724.333333333332,17724.333333333332,17724.333333333332,17879.666666666668,17879.666666666668,17879.666666666668
