Date,Open,High,Low,Close,Adj Close,Volume
"May 20, 2016",48.20,48.79,47.44,47.75,47.75,"538,047"
"May 19, 2016",47.87,48.28,46.73,48.16,48.16,"108,816"
"May 18, 2016",48.53,48.95,47.75,48.19,48.19,"343,184"
"May 17, 2016",47.90,48.76,47.53,48.31,48.31,"470,440"
"May 16, 2016",46.28,47.98,46.15,47.72,47.72,"550,863"
"May 13, 2016",46.41,46.49,45.75,46.21,46.21,"519,363"
"May 12, 2016",46.00,47.02,45.61,46.70,46.70,"715,102"
"May 11, 2016",44.60,46.36,43.96,46.23,46.23,"869,957"
"May 10, 2016",43.25,44.79,43.03,44.66,44.66,"709,415"
"May 9, 2016",45.00,45.94,43.24,43.44,43.44,"767,568"
"May 6, 2016",44.52,45.34,43.54,44.66,44.66,"695,306"
"May 5, 2016",44.04,46.07,43.96,44.32,44.32,"746,159"
"May 4, 2016",43.85,44.88,43.22,43.78,43.78,"711,125"
"May 3, 2016",44.92,45.35,43.32,43.65,43.65,"625,551"
"May 2, 2016",45.90,46.15,44.54,44.78,44.78,"464,027"
"Apr 29, 2016",45.90,46.78,45.24,45.92,45.92,"598,439"
"Apr 28, 2016",45.30,46.14,44.94,46.03,46.03,"487,412"
"Apr 27, 2016",44.64,45.62,43.77,45.33,45.33,"648,028"
"Apr 26, 2016",42.96,44.83,42.50,44.04,44.04,"564,392"
"Apr 25, 2016",43.75,44.04,42.58,42.64,42.64,"606,383"
"Apr 22, 2016",43.42,44.45,43.11,43.73,43.73,"575,107"
"Apr 21, 2016",43.97,44.49,43.05,43.18,43.18,"671,103"
"Apr 20, 2016",40.80,42.91,39.85,42.63,42.63,"796,240"
"Apr 19, 2016",40.04,41.53,39.58,41.08,41.08,"101,734"
"Apr 18, 2016",38.75,40.24,37.61,39.78,39.78,"342,463"
"Apr 15, 2016",41.43,41.73,39.98,40.36,40.36,"520,146"
"Apr 14, 2016",41.54,42.16,40.84,41.50,41.50,"488,614"
"Apr 13, 2016",41.63,42.42,41.24,41.76,41.76,"730,437"
"Apr 12, 2016",40.35,42.25,40.09,42.17,42.17,"796,837"
"Apr 11, 2016",39.72,40.75,39.25,40.36,40.36,"679,351"
"Apr 8, 2016",37.52,39.84,37.45,39.72,39.72,"817,230"
"Apr 7, 2016",37.76,38.30,36.69,37.26,37.26,"626,749"
"Apr 6, 2016",36.52,37.90,36.43,37.75,37.75,"751,048"
"Apr 5, 2016",35.50,36.58,35.24,35.89,35.89,"485,543"
"Apr 4, 2016",36.61,37.21,35.46,35.70,35.70,"549,477"
"Apr 1, 2016",38.14,38.56,36.63,36.79,36.79,"547,190"
"Mar 31, 2016",38.30,39.04,37.57,38.34,38.34,"532,152"
"Mar 30, 2016",38.52,39.85,38.14,38.32,38.32,"542,469"
"Mar 29, 2016",39.32,39.48,37.91,38.28,38.28,"488,032"
"Mar 28, 2016",39.55,40.14,38.86,39.39,39.39,"299,775"
"Mar 24, 2016",39.73,39.77,38.33,39.46,39.46,"495,168"
"Mar 23, 2016",41.19,41.34,39.67,39.79,39.79,"492,003"
"Mar 22, 2016",41.59,41.90,40.77,41.45,41.45,"463,693"
"Mar 21, 2016",39.06,40.30,38.61,39.91,39.91,"479,337"
"Mar 18, 2016",40.25,41.20,39.15,39.44,39.44,"130,151"
"Mar 17, 2016",38.59,40.36,38.47,40.20,40.20,"298,013"
"Mar 16, 2016",36.74,38.63,36.61,38.46,38.46,"494,174"
"Mar 15, 2016",37.37,37.40,35.96,36.34,36.34,"446,100"
"Mar 14, 2016",38.17,38.77,36.68,37.18,37.18,"489,938"
"Mar 11, 2016",37.99,39.02,37.92,38.50,38.50,"564,791"
"Mar 10, 2016",38.17,38.48,37.21,37.84,37.84,"701,435"
"Mar 9, 2016",36.36,38.51,36.24,38.29,38.29,"740,632"
"Mar 8, 2016",37.94,38.39,36.12,36.50,36.50,"706,933"
"Mar 7, 2016",36.20,38.11,36.09,37.90,37.90,"709,870"
"Mar 4, 2016",34.66,36.34,34.40,35.92,35.92,"578,290"
"Mar 3, 2016",34.73,35.32,34.19,34.57,34.57,"512,962"
"Mar 2, 2016",33.89,35.17,33.55,34.66,34.66,"597,834"
"Mar 1, 2016",33.90,34.76,33.37,34.40,34.40,"566,226"
"Feb 29, 2016",32.72,33.98,32.32,33.75,33.75,"512,468"
"Feb 26, 2016",33.04,34.69,32.64,32.78,32.78,"646,294"
"Feb 25, 2016",32.19,33.49,31.07,33.07,33.07,"611,874"
"Feb 24, 2016",31.28,32.40,30.56,32.15,32.15,"652,245"
"Feb 23, 2016",33.34,33.53,31.22,31.87,31.87,"539,379"
"Feb 22, 2016",29.72,32.05,29.48,31.48,31.48,"521,016"
"Feb 19, 2016",30.60,30.73,29.05,29.64,29.64,"103,202"
"Feb 18, 2016",31.35,31.98,30.27,30.77,30.77,"225,497"
"Feb 17, 2016",29.14,31.49,28.73,30.66,30.66,"578,639"
"Feb 16, 2016",29.08,31.53,28.70,29.04,29.04,"651,956"
"Feb 12, 2016",27.30,29.66,26.95,29.44,29.44,"675,157"
"Feb 11, 2016",27.34,27.48,26.05,26.21,26.21,"795,965"
"Feb 10, 2016",28.36,29.22,27.24,27.45,27.45,"781,280"
"Feb 9, 2016",30.17,30.61,27.74,27.94,27.94,"738,219"
"Feb 8, 2016",30.97,31.38,29.57,29.69,29.69,"603,646"
"Feb 5, 2016",31.64,32.45,30.63,30.89,30.89,"616,531"
"Feb 4, 2016",32.71,33.60,31.53,31.72,31.72,"696,721"
"Feb 3, 2016",29.75,32.75,29.40,32.28,32.28,"811,699"
"Feb 2, 2016",31.37,31.53,29.57,29.88,29.88,"602,564"
"Feb 1, 2016",33.83,34.18,31.29,31.62,31.62,"595,612"
"Jan 29, 2016",33.70,34.40,32.65,33.62,33.62,"618,110"
"Jan 28, 2016",32.19,34.82,31.74,33.22,33.22,"833,378"
"Jan 27, 2016",30.55,32.84,30.14,32.30,32.30,"738,551"
"Jan 26, 2016",29.81,32.41,29.25,31.45,31.45,"642,432"
"Jan 25, 2016",32.05,32.74,29.68,30.34,30.34,"606,892"
"Jan 22, 2016",29.84,32.35,29.53,32.19,32.19,"636,573"
"Jan 21, 2016",28.35,30.25,27.87,29.53,29.53,"694,040"
"Jan 20, 2016",28.33,28.58,26.19,26.55,26.55,"690,039"
"Jan 19, 2016",29.20,30.21,28.21,28.46,28.46,"188,026"
"Jan 15, 2016",31.18,31.18,29.13,29.42,29.42,"329,094"
"Jan 14, 2016",30.60,31.77,30.28,31.20,31.20,"537,906"
"Jan 13, 2016",30.54,31.71,30.10,30.48,30.48,"637,903"
"Jan 12, 2016",31.11,32.21,29.93,30.44,30.44,"627,218"
"Jan 11, 2016",32.94,33.20,30.88,31.41,31.41,"648,640"
"Jan 8, 2016",33.30,34.34,32.64,33.16,33.16,"596,496"
"Jan 7, 2016",34.09,34.26,32.10,33.27,33.27,"617,409"
"Jan 6, 2016",36.18,36.39,33.77,33.97,33.97,"563,811"
"Jan 5, 2016",36.90,37.10,35.74,35.97,35.97,"410,131"
"Jan 4, 2016",37.60,38.39,36.33,36.76,36.76,"431,985"
"Dec 31, 2015",36.81,37.79,36.22,37.04,37.04,"283,623"
"Dec 30, 2015",37.36,37.40,36.40,36.60,36.60,"267,912"
"Dec 29, 2015",36.70,37.94,36.66,37.87,37.87,"241,945"
"Dec 28, 2015",38.00,38.09,36.60,36.81,36.81,"220,644"
"Dec 24, 2015",37.86,38.28,37.38,38.10,38.10,"205,873"
"Dec 23, 2015",36.47,37.95,36.28,37.50,37.50,"374,658"
"Dec 22, 2015",35.80,36.54,35.66,36.14,36.14,"302,263"
"Dec 21, 2015",34.58,34.86,33.98,34.74,34.74,"298,080"
"Dec 18, 2015",34.87,35.57,34.29,34.73,34.73,"116,038"
"Dec 17, 2015",35.80,35.84,34.63,34.95,34.95,"196,227"
"Dec 16, 2015",36.79,37.35,35.29,35.52,35.52,"402,967"
"Dec 15, 2015",36.32,37.88,36.03,37.35,37.35,"474,159"
"Dec 14, 2015",35.40,36.70,34.53,36.31,36.31,"550,476"
"Dec 11, 2015",36.63,36.84,35.16,35.62,35.62,"505,406"
"Dec 10, 2015",37.27,37.54,36.38,36.76,36.76,"513,940"
"Dec 9, 2015",37.86,38.99,36.87,37.16,37.16,"646,166"
"Dec 8, 2015",37.68,38.58,36.64,37.51,37.51,"767,184"
"Dec 7, 2015",40.10,40.15,37.50,37.65,37.65,"635,413"
"Dec 4, 2015",41.31,42.00,39.60,39.97,39.97,"510,758"
"Dec 3, 2015",40.15,41.78,40.07,41.08,41.08,"496,884"
"Dec 2, 2015",41.69,41.97,39.84,39.94,39.94,"545,289"
"Dec 1, 2015",41.73,42.23,41.17,41.85,41.85,"415,537"
"Nov 30, 2015",41.77,42.61,41.50,41.65,41.65,"369,509"
"Nov 27, 2015",43.25,43.30,41.67,41.71,41.71,"316,475"
"Nov 25, 2015",42.69,43.25,41.72,43.04,43.04,"383,158"
"Nov 24, 2015",42.04,43.46,41.86,42.87,42.87,"430,304"
"Nov 23, 2015",41.49,42.75,40.41,41.75,41.75,"516,190"
"Nov 20, 2015",40.54,40.99,38.99,40.39,40.39,"432,642"
"Nov 19, 2015",40.72,41.05,39.89,40.54,40.54,"131,356"
"Nov 18, 2015",41.11,41.55,39.91,40.75,40.75,"251,518"
"Nov 17, 2015",41.96,42.03,40.58,40.67,40.67,"363,714"
"Nov 16, 2015",40.92,42.25,40.06,41.74,41.74,"535,179"
"Nov 13, 2015",41.61,42.84,40.22,40.74,40.74,"480,893"
"Nov 12, 2015",43.05,43.33,41.54,41.75,41.75,"545,351"
"Nov 11, 2015",43.63,44.11,42.62,42.93,42.93,"502,371"
"Nov 10, 2015",44.10,44.76,43.57,44.21,44.21,"445,973"
"Nov 9, 2015",44.52,45.12,43.64,43.87,43.87,"487,992"
"Nov 6, 2015",45.41,45.64,44.11,44.29,44.29,"448,133"
"Nov 5, 2015",46.57,46.65,45.12,45.20,45.20,"437,646"
"Nov 4, 2015",47.74,48.28,46.17,46.32,46.32,"459,307"
"Nov 3, 2015",46.11,48.36,45.96,47.90,47.90,"434,574"
"Nov 2, 2015",46.43,46.73,45.56,46.14,46.14,"305,518"
"Oct 30, 2015",45.74,47.03,45.48,46.59,46.59,"363,307"
"Oct 29, 2015",46.06,46.79,45.16,46.06,46.06,"436,513"
"Oct 28, 2015",43.44,46.22,43.06,45.94,45.94,"521,518"
"Oct 27, 2015",43.78,43.91,42.58,43.20,43.20,"370,825"
"Oct 26, 2015",44.74,44.94,43.64,43.98,43.98,"302,084"
"Oct 23, 2015",45.44,45.75,44.20,44.60,44.60,"406,577"
"Oct 22, 2015",45.27,46.10,44.90,45.38,45.38,"322,742"
"Oct 21, 2015",45.88,46.08,44.86,45.20,45.20,"384,288"
"Oct 20, 2015",46.25,46.52,45.23,45.55,45.55,"361,314"
"Oct 19, 2015",47.27,47.49,45.85,45.89,45.89,"125,840"
"Oct 16, 2015",46.87,47.50,46.16,47.26,47.26,"198,127"
"Oct 15, 2015",46.28,47.02,45.23,46.38,46.38,"370,940"
"Oct 14, 2015",46.69,46.96,45.94,46.64,46.64,"348,241"
"Oct 13, 2015",47.46,48.43,46.44,46.66,46.66,"465,388"
"Oct 12, 2015",49.51,50.13,47.04,47.10,47.10,"408,663"
"Oct 9, 2015",49.69,50.92,49.17,49.63,49.63,"508,680"
"Oct 8, 2015",48.11,50.07,47.76,49.43,49.43,"509,760"
"Oct 7, 2015",49.00,49.71,47.70,47.81,47.81,"547,488"
"Oct 6, 2015",46.20,49.08,45.73,48.53,48.53,"453,101"
"Oct 5, 2015",45.65,46.94,45.21,46.26,46.26,"323,061"
"Oct 2, 2015",45.07,45.81,43.97,45.54,45.54,"420,740"
"Oct 1, 2015",45.38,47.10,44.63,44.74,44.74,"478,979"
"Sep 30, 2015",44.92,45.85,44.68,45.09,45.09,"355,853"
"Sep 29, 2015",44.50,45.70,44.30,45.23,45.23,"265,176"
"Sep 28, 2015",45.38,45.50,44.30,44.43,44.43,"273,906"
"Sep 25, 2015",45.05,46.38,44.86,45.70,45.70,"338,622"
"Sep 24, 2015",44.62,45.18,43.71,44.91,44.91,"371,976"
"Sep 23, 2015",46.54,47.15,44.41,44.48,44.48,"411,957"
"Sep 22, 2015",46.45,46.48,45.14,45.83,45.83,"345,875"
"Sep 21, 2015",44.97,46.74,44.69,46.68,46.68,"104,528"
"Sep 18, 2015",46.89,47.03,44.24,44.68,44.68,"211,301"
"Sep 17, 2015",47.13,47.71,46.33,46.90,46.90,"366,390"
"Sep 16, 2015",45.16,47.35,44.82,47.15,47.15,"421,981"
"Sep 15, 2015",44.11,45.25,43.92,44.59,44.59,"335,953"
"Sep 14, 2015",44.78,44.97,43.59,44.00,44.00,"326,269"
"Sep 11, 2015",45.71,45.88,44.16,44.63,44.63,"395,838"
"Sep 10, 2015",44.16,46.04,43.36,45.92,45.92,"498,992"
"Sep 9, 2015",45.79,46.26,44.05,44.15,44.15,"422,735"
"Sep 8, 2015",45.82,46.41,44.14,45.94,45.94,"508,815"
"Sep 4, 2015",46.68,47.23,45.61,46.05,46.05,"385,631"
"Sep 3, 2015",46.11,48.42,45.65,46.75,46.75,"539,450"
"Sep 2, 2015",44.26,46.77,43.21,46.25,46.25,"689,301"
"Sep 1, 2015",48.10,48.87,44.15,45.41,45.41,"713,418"
"Aug 31, 2015",45.00,49.33,43.60,49.20,49.20,"757,503"
"Aug 28, 2015",42.68,45.90,41.78,45.22,45.22,"666,328"
"Aug 27, 2015",38.96,42.86,38.95,42.56,42.56,"533,682"
"Aug 26, 2015",39.69,39.86,38.52,38.60,38.60,"368,722"
"Aug 25, 2015",38.18,39.89,38.16,39.31,39.31,"375,650"
"Aug 24, 2015",40.30,40.47,37.75,38.24,38.24,"468,366"
"Aug 21, 2015",41.03,41.40,39.86,40.45,40.45,"377,181"
"Aug 20, 2015",40.58,41.48,40.21,41.14,41.14,"380,433"
"Aug 19, 2015",42.41,42.68,40.40,40.80,40.80,"107,578"
"Aug 18, 2015",41.88,42.90,41.43,42.62,42.62,"200,185"
"Aug 17, 2015",42.18,42.69,41.64,41.87,41.87,"314,275"
"Aug 14, 2015",42.23,42.96,41.35,42.50,42.50,"317,211"
"Aug 13, 2015",43.34,43.72,41.91,42.23,42.23,"420,146"
"Aug 12, 2015",43.27,43.87,42.80,43.30,43.30,"492,271"
"Aug 11, 2015",44.81,45.34,42.69,43.08,43.08,"538,005"
"Aug 10, 2015",43.58,45.01,43.35,44.96,44.96,"491,433"
"Aug 7, 2015",44.82,45.16,43.70,43.87,43.87,"400,070"
"Aug 6, 2015",45.16,45.27,44.20,44.66,44.66,"360,977"
"Aug 5, 2015",45.96,46.70,44.83,45.15,45.15,"367,326"
"Aug 4, 2015",45.35,46.23,45.29,45.74,45.74,"285,786"
"Aug 3, 2015",46.86,46.94,45.08,45.17,45.17,"371,085"
"Jul 31, 2015",48.47,48.62,46.70,47.12,47.12,"334,474"
"Jul 30, 2015",48.83,49.36,48.34,48.52,48.52,"247,662"
"Jul 29, 2015",47.81,49.52,47.39,48.79,48.79,"366,893"
"Jul 28, 2015",47.02,48.44,46.68,47.98,47.98,"338,107"
"Jul 27, 2015",48.00,48.20,46.91,47.39,47.39,"273,614"
"Jul 24, 2015",48.79,49.03,47.72,48.14,48.14,"278,233"
"Jul 23, 2015",49.23,49.63,48.21,48.45,48.45,"316,060"
"Jul 22, 2015",50.71,50.71,49.04,49.19,49.19,"347,986"
"Jul 21, 2015",49.95,51.02,49.77,50.36,50.36,"254,321"
"Jul 20, 2015",50.76,51.26,49.85,50.15,50.15,"102,597"
"Jul 17, 2015",50.91,51.23,50.14,50.89,50.89,"203,485"
"Jul 16, 2015",51.62,52.17,50.84,50.91,50.91,"319,167"
"Jul 15, 2015",53.40,53.50,51.21,51.41,51.41,"334,563"
"Jul 14, 2015",52.00,53.43,50.88,53.04,53.04,"422,756"
"Jul 13, 2015",52.15,53.17,51.26,52.20,52.20,"359,477"
"Jul 10, 2015",52.48,53.89,51.96,52.74,52.74,"349,075"
"Jul 9, 2015",51.83,53.54,51.48,52.78,52.78,"382,334"
"Jul 8, 2015",52.91,52.96,50.91,51.65,51.65,"434,752"
"Jul 7, 2015",52.75,53.43,50.58,52.33,52.33,"527,267"
"Jul 6, 2015",54.90,55.34,52.41,52.53,52.53,"540,608"
"Jul 2, 2015",56.87,57.95,56.50,56.93,56.93,"297,050"
"Jul 1, 2015",58.98,58.98,56.68,56.96,56.96,"373,405"
"Jun 30, 2015",58.27,59.69,57.94,59.47,59.47,"282,475"
"Jun 29, 2015",58.84,59.27,58.04,58.33,58.33,"286,035"
"Jun 26, 2015",59.66,59.96,58.76,59.63,59.63,"231,957"
"Jun 25, 2015",60.22,60.46,59.43,59.70,59.70,"222,341"
"Jun 24, 2015",61.14,61.57,59.80,60.27,60.27,"312,985"
"Jun 23, 2015",60.21,61.49,59.55,61.01,61.01,"336,224"
"Jun 22, 2015",59.44,60.30,58.93,59.68,59.68,"255,306"
"Jun 19, 2015",60.50,60.56,58.88,59.61,59.61,"116,656"
"Jun 18, 2015",59.78,60.89,59.25,60.45,60.45,"181,875"
"Jun 17, 2015",60.03,61.38,58.85,59.92,59.92,"396,155"
"Jun 16, 2015",59.60,60.37,59.42,59.97,59.97,"233,935"
"Jun 15, 2015",59.90,59.98,58.73,59.52,59.52,"275,187"
"Jun 12, 2015",60.55,60.63,59.73,59.96,59.96,"246,898"
"Jun 11, 2015",61.14,61.53,60.21,60.77,60.77,"352,421"
"Jun 10, 2015",60.58,61.82,60.45,61.43,61.43,"459,765"
"Jun 9, 2015",58.31,60.68,58.23,60.14,60.14,"405,486"
"Jun 8, 2015",58.96,59.13,57.86,58.14,58.14,"339,845"
"Jun 5, 2015",57.99,59.23,56.83,59.13,59.13,"461,016"
"Jun 4, 2015",59.57,59.94,57.83,58.00,58.00,"363,345"
"Jun 3, 2015",61.02,61.43,59.34,59.64,59.64,"371,298"
"Jun 2, 2015",60.18,61.58,60.09,61.26,61.26,"344,508"
"Jun 1, 2015",60.29,60.64,59.33,60.20,60.20,"292,189"
"May 29, 2015",57.97,60.70,57.72,60.30,60.30,"452,222"
"May 28, 2015",57.63,58.07,56.51,57.68,57.68,"340,682"
"May 27, 2015",58.32,58.95,57.36,57.51,57.51,"314,917"
"May 26, 2015",60.05,60.25,57.71,58.03,58.03,"330,128"
"May 22, 2015",60.66,60.80,59.35,59.72,59.72,"230,307"
"May 21, 2015",58.81,60.94,58.69,60.72,60.72,"329,765"
"May 20, 2015",58.32,59.04,58.10,58.98,58.98,"287,129"
"May 19, 2015",59.54,59.63,57.09,57.26,57.26,"336,779"
"May 18, 2015",59.85,60.88,59.06,59.43,59.43,"144,389"
"May 15, 2015",59.67,59.97,58.42,59.69,59.69,"222,089"
"May 14, 2015",60.10,60.84,59.36,59.88,59.88,"361,432"
"May 13, 2015",61.23,61.85,60.02,60.50,60.50,"426,835"
"May 12, 2015",59.27,61.36,59.12,60.75,60.75,"397,345"
"May 11, 2015",59.43,59.85,58.75,59.25,59.25,"332,694"
"May 8, 2015",59.02,59.90,58.14,59.39,59.39,"434,575"
"May 7, 2015",60.69,61.31,58.49,58.94,58.94,"437,022"
"May 6, 2015",60.72,62.58,60.54,60.93,60.93,"423,583"
"May 5, 2015",58.95,61.10,58.63,60.40,60.40,"389,743"
"May 4, 2015",59.30,59.73,58.45,58.93,58.93,"215,046"
"May 1, 2015",59.79,59.90,58.32,59.15,59.15,"244,753"
"Apr 30, 2015",58.55,59.85,58.38,59.63,59.63,"340,322"
"Apr 29, 2015",56.93,59.33,56.54,58.58,58.58,"411,097"
"Apr 28, 2015",56.65,57.83,56.07,57.06,57.06,"281,864"
"Apr 27, 2015",57.30,57.89,56.52,56.99,56.99,"250,558"
"Apr 24, 2015",57.53,57.95,56.50,57.15,57.15,"328,322"
"Apr 23, 2015",56.28,58.41,55.76,57.74,57.74,"415,569"
"Apr 22, 2015",56.34,57.19,55.73,56.16,56.16,"329,631"
"Apr 21, 2015",56.41,56.91,55.01,55.26,55.26,"354,244"
"Apr 20, 2015",56.16,57.17,54.85,56.38,56.38,"112,382"
"Apr 17, 2015",56.56,56.88,55.31,55.74,55.74,"230,623"
"Apr 16, 2015",55.92,57.42,55.07,56.71,56.71,"413,134"
"Apr 15, 2015",53.55,56.69,53.39,56.39,56.39,"508,904"
"Apr 14, 2015",52.05,53.79,51.83,53.29,53.29,"431,026"
"Apr 13, 2015",51.81,53.10,51.47,51.91,51.91,"375,534"
"Apr 10, 2015",50.73,51.93,50.08,51.64,51.64,"395,135"
"Apr 9, 2015",51.00,52.07,50.51,50.79,50.79,"449,531"
"Apr 8, 2015",53.18,53.23,50.37,50.42,50.42,"552,627"
"Apr 7, 2015",51.95,54.13,51.17,53.98,53.98,"548,870"
"Apr 6, 2015",49.47,52.24,49.47,52.14,52.14,"325,282"
"Apr 2, 2015",49.59,50.27,48.11,49.14,49.14,"453,394"
"Apr 1, 2015",47.55,50.45,47.05,50.09,50.09,"451,104"
"Mar 31, 2015",48.73,48.73,47.28,47.60,47.60,"365,748"
"Mar 30, 2015",48.57,49.16,47.61,48.68,48.68,"355,866"
"Mar 27, 2015",51.01,51.38,48.21,48.87,48.87,"384,092"
"Mar 26, 2015",49.02,52.48,48.73,51.43,51.43,"515,277"
"Mar 25, 2015",47.72,49.46,47.00,49.21,49.21,"398,795"
"Mar 24, 2015",47.46,48.56,46.67,47.51,47.51,"309,553"
"Mar 23, 2015",46.41,47.61,45.33,47.45,47.45,"292,417"
"Mar 20, 2015",43.99,46.53,43.31,45.72,45.72,"379,180"
"Mar 19, 2015",44.60,44.71,42.75,43.96,43.96,"106,907"
"Mar 18, 2015",42.51,45.34,42.03,44.66,44.66,"220,638"
"Mar 17, 2015",43.84,44.20,42.41,43.46,43.46,"346,310"
"Mar 16, 2015",44.81,45.00,42.85,43.88,43.88,"367,600"
"Mar 13, 2015",46.93,47.28,44.75,44.84,44.84,"395,722"
"Mar 12, 2015",48.44,48.76,46.86,47.05,47.05,"358,381"
"Mar 11, 2015",48.77,49.05,47.33,48.17,48.17,"404,590"
"Mar 10, 2015",50.08,50.36,48.20,48.29,48.29,"395,761"
"Mar 9, 2015",49.60,50.79,49.25,50.00,50.00,"409,877"
"Mar 6, 2015",50.89,51.22,48.88,49.61,49.61,"406,840"
"Mar 5, 2015",51.62,52.40,50.61,50.76,50.76,"370,953"
"Mar 4, 2015",50.61,51.99,49.60,51.53,51.53,"463,989"
"Mar 3, 2015",49.80,50.83,49.45,50.52,50.52,"370,597"
"Mar 2, 2015",49.45,51.04,48.71,49.59,49.59,"427,177"
"Feb 27, 2015",48.97,49.94,48.46,49.76,49.76,"399,494"
"Feb 26, 2015",51.00,51.22,47.80,48.17,48.17,"459,584"
"Feb 25, 2015",49.16,51.28,48.43,50.99,50.99,"429,524"
"Feb 24, 2015",49.42,50.33,48.68,49.28,49.28,"293,101"
"Feb 23, 2015",50.75,50.99,48.67,49.45,49.45,"475,383"
"Feb 20, 2015",51.24,51.85,49.91,50.34,50.34,"366,125"
"Feb 19, 2015",50.55,52.14,49.15,51.16,51.16,"125,210"
"Feb 18, 2015",53.24,53.41,50.32,52.14,52.14,"257,476"
"Feb 17, 2015",52.75,54.15,50.81,53.53,53.53,"518,799"
"Feb 13, 2015",51.35,53.43,51.03,52.78,52.78,"437,072"
"Feb 12, 2015",49.42,51.60,49.14,51.21,51.21,"563,662"
"Feb 11, 2015",50.98,51.14,48.05,48.84,48.84,"519,272"
"Feb 10, 2015",52.43,52.65,49.86,50.02,50.02,"501,701"
"Feb 9, 2015",52.01,53.99,51.65,52.86,52.86,"536,364"
"Feb 6, 2015",50.86,53.16,50.72,51.69,51.69,"584,976"
"Feb 5, 2015",48.67,52.10,47.36,50.48,50.48,"596,851"
"Feb 4, 2015",51.67,52.56,47.95,48.45,48.45,"577,515"
"Feb 3, 2015",49.79,54.24,49.69,53.05,53.05,"644,919"
"Feb 2, 2015",47.59,50.56,46.67,49.57,49.57,"511,409"
"Jan 30, 2015",44.63,48.35,44.31,48.24,48.24,"454,142"
"Jan 29, 2015",44.43,44.96,43.58,44.53,44.53,"300,732"
"Jan 28, 2015",45.83,45.83,44.08,44.45,44.45,"365,440"
"Jan 27, 2015",45.13,46.55,44.81,46.23,46.23,"313,141"
"Jan 26, 2015",45.20,46.41,44.35,45.15,45.15,"310,638"
"Jan 23, 2015",46.63,47.76,45.21,45.59,45.59,"374,289"
"Jan 22, 2015",47.35,49.09,45.87,46.31,46.31,"426,829"
"Jan 21, 2015",46.69,48.20,46.55,47.78,47.78,"340,252"
"Jan 20, 2015",48.69,48.77,45.89,46.39,46.39,"438,892"
"Jan 16, 2015",46.35,48.87,45.95,48.69,48.69,"175,626"
"Jan 15, 2015",48.60,51.27,46.07,46.25,46.25,"478,340"
"Jan 14, 2015",46.16,48.91,45.01,48.48,48.48,"510,252"
"Jan 13, 2015",45.69,46.79,44.20,45.89,45.89,"476,541"
"Jan 12, 2015",48.19,48.19,45.62,46.07,46.07,"394,946"
"Jan 9, 2015",48.92,49.61,47.16,48.36,48.36,"421,007"
"Jan 8, 2015",48.78,49.65,47.73,48.79,48.79,"362,081"
"Jan 7, 2015",48.00,49.31,46.83,48.65,48.65,"460,083"
"Jan 6, 2015",50.00,50.37,47.55,47.93,47.93,"451,642"
"Jan 5, 2015",52.61,52.73,49.68,50.04,50.04,"375,782"
"Jan 2, 2015",53.76,55.11,52.03,52.69,52.69,"268,708"
"Dec 31, 2014",53.87,54.02,52.44,53.27,53.27,"233,516"
"Dec 30, 2014",53.72,54.32,52.70,54.12,54.12,"218,557"
"Dec 29, 2014",55.05,55.74,52.90,53.61,53.61,"241,378"
"Dec 26, 2014",55.86,56.59,54.51,54.73,54.73,"127,202"
"Dec 24, 2014",56.80,57.15,55.07,55.84,55.84,"174,969"
"Dec 23, 2014",55.39,57.56,55.06,57.12,57.12,"274,003"
"Dec 22, 2014",57.75,58.53,55.13,55.26,55.26,"277,319"
"Dec 19, 2014",55.50,56.91,54.20,56.52,56.52,"383,536"
"Dec 18, 2014",55.83,58.73,54.05,54.11,54.11,"106,315"
"Dec 17, 2014",55.50,58.98,54.21,56.47,56.47,"351,977"
"Dec 16, 2014",55.40,57.15,53.60,55.93,55.93,"518,784"
"Dec 15, 2014",57.07,58.73,55.02,55.91,55.91,"424,946"
"Dec 12, 2014",59.17,59.57,57.34,57.81,57.81,"414,224"
"Dec 11, 2014",61.12,61.68,58.96,59.95,59.95,"392,493"
"Dec 10, 2014",63.33,63.43,60.43,60.94,60.94,"456,172"
"Dec 9, 2014",63.01,64.20,62.25,63.82,63.82,"322,804"
"Dec 8, 2014",65.46,65.55,62.78,63.05,63.05,"330,077"
"Dec 5, 2014",66.80,66.89,65.17,65.84,65.84,"276,529"
"Dec 4, 2014",67.40,68.22,66.09,66.81,66.81,"237,011"
"Dec 3, 2014",67.60,68.23,66.80,67.38,67.38,"293,483"
"Dec 2, 2014",69.24,69.32,66.67,66.88,66.88,"360,300"
"Dec 1, 2014",66.00,69.54,63.72,69.00,69.00,"504,122"
"Nov 28, 2014",73.50,73.56,65.69,66.15,66.15,"552,882"
"Nov 26, 2014",73.87,74.48,73.30,73.69,73.69,"258,382"
"Nov 25, 2014",75.51,76.58,73.71,74.09,74.09,"294,447"
"Nov 24, 2014",76.62,77.02,75.45,75.78,75.78,"194,751"
"Nov 21, 2014",76.29,77.83,75.62,76.51,76.51,"275,317"
"Nov 20, 2014",74.25,75.76,74.17,75.58,75.58,"236,720"
"Nov 19, 2014",74.23,75.40,73.88,74.58,74.58,"116,278"
"Nov 18, 2014",75.49,76.44,74.12,74.61,74.61,"186,214"
"Nov 17, 2014",75.93,76.18,74.71,75.64,75.64,"279,462"
"Nov 14, 2014",74.36,76.30,73.25,75.82,75.82,"355,245"
"Nov 13, 2014",76.95,77.16,74.07,74.21,74.21,"447,012"
"Nov 12, 2014",77.50,78.08,76.63,77.18,77.18,"359,951"
"Nov 11, 2014",77.18,78.04,76.42,77.94,77.94,"314,309"
"Nov 10, 2014",78.50,79.85,77.13,77.40,77.40,"319,492"
"Nov 7, 2014",77.86,79.41,77.47,78.65,78.65,"306,077"
"Nov 6, 2014",78.87,78.98,77.12,77.91,77.91,"292,897"
"Nov 5, 2014",77.36,79.35,76.46,78.68,78.68,"447,691"
"Nov 4, 2014",78.22,78.41,75.84,77.19,77.19,"432,757"
"Nov 3, 2014",80.59,80.98,78.08,78.78,78.78,"386,045"
"Oct 31, 2014",81.04,81.27,79.55,80.54,80.54,"294,183"
"Oct 30, 2014",81.93,82.09,80.72,81.12,81.12,"270,072"
"Oct 29, 2014",81.55,82.88,81.44,82.20,82.20,"283,762"
"Oct 28, 2014",80.64,81.66,80.36,81.42,81.42,"226,066"
"Oct 27, 2014",81.27,81.29,79.44,81.00,81.00,"285,327"
"Oct 24, 2014",81.95,81.95,80.36,81.01,81.01,"272,509"
"Oct 23, 2014",80.42,82.37,80.05,82.09,82.09,"354,839"
"Oct 22, 2014",82.55,83.15,80.22,80.52,80.52,"352,217"
"Oct 21, 2014",82.76,84.05,82.29,82.81,82.81,"297,522"
"Oct 20, 2014",83.13,83.48,81.55,82.71,82.71,"83,702"
"Oct 17, 2014",83.18,84.45,82.44,82.75,82.75,"174,142"
"Oct 16, 2014",81.06,84.83,79.78,82.70,82.70,"424,524"
"Oct 15, 2014",82.32,82.45,80.01,81.78,81.78,"487,721"
"Oct 14, 2014",84.98,85.60,81.32,81.84,81.84,"475,832"
"Oct 13, 2014",85.20,85.87,84.07,85.74,85.74,"292,345"
"Oct 10, 2014",84.39,86.29,83.59,85.82,85.82,"396,528"
"Oct 9, 2014",87.73,87.95,84.06,85.77,85.77,"345,020"
"Oct 8, 2014",88.43,88.63,86.83,87.31,87.31,"373,752"
"Oct 7, 2014",90.45,90.57,88.38,88.85,88.85,"300,113"
"Oct 6, 2014",89.77,90.74,88.76,90.34,90.34,"276,614"
"Oct 3, 2014",91.38,91.79,89.36,89.74,89.74,"342,795"
"Oct 2, 2014",90.74,91.54,88.18,91.01,91.01,"449,554"
"Oct 1, 2014",91.36,92.96,90.47,90.73,90.73,"389,246"
"Sep 30, 2014",94.34,94.90,90.86,91.16,91.16,"429,251"
"Sep 29, 2014",93.35,94.64,92.74,94.57,94.57,"261,246"
"Sep 26, 2014",92.47,93.86,92.23,93.54,93.54,"258,890"
"Sep 25, 2014",92.89,93.54,92.05,92.53,92.53,"248,852"
"Sep 24, 2014",91.72,93.29,91.12,92.80,92.80,"282,634"
"Sep 23, 2014",90.70,92.09,90.58,91.56,91.56,"247,770"
"Sep 22, 2014",92.22,92.64,91.20,91.52,91.52,"229,232"
"Sep 19, 2014",92.97,93.22,91.85,92.41,92.41,"92,780"
"Sep 18, 2014",93.97,94.82,92.85,93.07,93.07,"170,772"
"Sep 17, 2014",94.71,95.06,93.74,94.42,94.42,"305,832"
"Sep 16, 2014",92.81,95.19,92.46,94.88,94.88,"294,723"
"Sep 15, 2014",92.13,93.03,90.63,92.92,92.92,"260,506"
"Sep 12, 2014",93.05,93.67,91.96,92.27,92.27,"297,768"
"Sep 11, 2014",91.71,93.44,90.43,92.83,92.83,"403,175"
"Sep 10, 2014",92.79,93.03,91.22,91.67,91.67,"295,306"
"Sep 9, 2014",93.11,93.94,92.52,92.75,92.75,"275,876"
"Sep 8, 2014",93.49,93.62,91.80,92.66,92.66,"277,990"
"Sep 5, 2014",94.57,94.99,92.86,93.29,93.29,"261,386"
"Sep 4, 2014",95.07,95.39,94.16,94.45,94.45,"254,140"
"Sep 3, 2014",93.28,95.83,93.06,95.54,95.54,"294,395"
"Sep 2, 2014",95.81,95.91,92.68,92.88,92.88,"320,356"
"Aug 29, 2014",94.56,96.00,94.48,95.96,95.96,"234,972"
"Aug 28, 2014",93.75,94.71,93.45,94.55,94.55,"262,292"
"Aug 27, 2014",93.88,94.24,93.36,93.88,93.88,"174,908"
"Aug 26, 2014",93.36,94.35,93.35,93.86,93.86,"176,280"
"Aug 25, 2014",93.34,93.95,93.05,93.35,93.35,"137,420"
"Aug 22, 2014",93.89,94.04,92.92,93.65,93.65,"191,457"
"Aug 21, 2014",93.49,94.45,92.50,93.96,93.96,"226,343"
"Aug 20, 2014",94.70,96.47,94.70,96.07,96.07,"207,152"
"Aug 19, 2014",96.56,97.05,94.26,94.48,94.48,"109,041"
"Aug 18, 2014",97.10,97.16,95.81,96.41,96.41,"157,537"
"Aug 15, 2014",95.50,97.41,95.32,97.35,97.35,"269,750"
"Aug 14, 2014",97.30,97.59,95.26,95.58,95.58,"350,619"
"Aug 13, 2014",97.20,97.78,96.75,97.59,97.59,"253,703"
"Aug 12, 2014",97.84,97.94,96.81,97.37,97.37,"242,592"
"Aug 11, 2014",97.54,98.58,97.37,98.08,98.08,"241,493"
"Aug 8, 2014",97.64,98.45,97.15,97.65,97.65,"266,006"
"Aug 7, 2014",96.89,97.72,96.55,97.34,97.34,"286,531"
"Aug 6, 2014",97.62,98.13,96.69,96.92,96.92,"263,598"
"Aug 5, 2014",98.41,98.67,97.00,97.38,97.38,"242,237"
"Aug 4, 2014",97.67,98.67,97.43,98.29,98.29,"204,262"
"Aug 1, 2014",97.70,98.10,97.09,97.88,97.88,"274,992"
"Jul 31, 2014",99.47,99.85,97.60,98.17,98.17,"335,785"
"Jul 30, 2014",101.03,101.67,99.42,100.27,100.27,"263,974"
"Jul 29, 2014",101.60,101.83,100.37,100.97,100.97,"258,060"
"Jul 28, 2014",101.87,102.10,100.90,101.67,101.67,"197,815"
"Jul 25, 2014",102.04,102.53,101.00,102.09,102.09,"284,919"
"Jul 24, 2014",103.20,103.31,101.88,102.07,102.07,"194,404"
"Jul 23, 2014",101.96,103.34,101.79,103.12,103.12,"260,652"
"Jul 22, 2014",104.58,105.25,103.89,104.42,104.42,"252,395"
"Jul 21, 2014",102.97,104.99,102.65,104.59,104.59,"126,986"
"Jul 18, 2014",103.72,103.94,102.58,103.13,103.13,"172,529"
"Jul 17, 2014",101.49,103.90,101.27,103.19,103.19,"342,872"
"Jul 16, 2014",100.21,101.60,100.07,101.20,101.20,"240,202"
"Jul 15, 2014",100.93,101.06,99.01,99.96,99.96,"331,196"
"Jul 14, 2014",100.46,101.20,100.22,100.91,100.91,"252,675"
"Jul 11, 2014",102.86,102.92,100.44,100.83,100.83,"272,550"
"Jul 10, 2014",101.95,103.00,101.55,102.93,102.93,"238,076"
"Jul 9, 2014",103.45,103.60,101.85,102.29,102.29,"250,987"
"Jul 8, 2014",103.39,104.20,103.01,103.40,103.40,"249,378"
"Jul 7, 2014",104.06,104.13,103.19,103.53,103.53,"189,250"
"Jul 3, 2014",104.27,104.29,103.67,104.06,104.06,"169,938"
"Jul 2, 2014",105.21,105.53,104.10,104.48,104.48,"240,067"
"Jul 1, 2014",105.44,106.09,104.60,105.34,105.34,"221,685"
"Jun 30, 2014",105.69,105.76,104.66,105.37,105.37,"215,334"
"Jun 27, 2014",105.64,106.19,105.33,105.74,105.74,"128,975"
"Jun 26, 2014",106.71,106.81,105.03,105.84,105.84,"195,723"
"Jun 25, 2014",106.14,107.50,105.47,106.50,106.50,"249,064"
"Jun 24, 2014",106.02,106.46,105.25,106.03,106.03,"175,206"
"Jun 23, 2014",107.42,107.45,105.91,106.17,106.17,"175,473"
"Jun 20, 2014",106.60,107.73,106.33,107.26,107.26,"213,130"
"Jun 19, 2014",106.11,106.70,105.32,106.43,106.43,"123,121"
"Jun 18, 2014",106.60,106.97,105.80,105.97,105.97,"176,257"
"Jun 17, 2014",106.59,107.18,106.01,106.36,106.36,"252,969"
"Jun 16, 2014",106.88,107.54,106.57,106.90,106.90,"204,792"
"Jun 13, 2014",106.84,107.68,106.37,106.91,106.91,"255,394"
"Jun 12, 2014",104.47,106.95,104.35,106.53,106.53,"321,499"
"Jun 11, 2014",104.30,104.81,104.17,104.40,104.40,"187,728"
"Jun 10, 2014",104.46,105.06,103.98,104.35,104.35,"255,599"
"Jun 9, 2014",102.78,104.57,102.62,104.41,104.41,"246,719"
"Jun 6, 2014",102.44,103.07,102.30,102.66,102.66,"197,758"
"Jun 5, 2014",102.37,102.69,101.60,102.48,102.48,"200,402"
"Jun 4, 2014",102.79,103.69,102.34,102.64,102.64,"208,540"
"Jun 3, 2014",102.44,102.86,102.23,102.66,102.66,"160,208"
"Jun 2, 2014",102.92,103.35,102.10,102.47,102.47,"159,042"
"May 30, 2014",103.51,103.56,102.40,102.71,102.71,"169,734"
"May 29, 2014",103.06,103.94,102.61,103.58,103.58,"205,506"
"May 28, 2014",104.14,104.39,102.64,102.72,102.72,"239,134"
"May 27, 2014",104.34,104.50,103.57,104.11,104.11,"174,387"
"May 23, 2014",103.71,104.50,103.64,104.35,104.35,"160,563"
"May 22, 2014",103.85,104.22,103.55,103.74,103.74,"159,181"
"May 21, 2014",102.96,104.29,102.78,104.07,104.07,"272,127"
"May 20, 2014",102.60,102.86,102.10,102.44,102.44,"249,769"
"May 19, 2014",102.13,103.09,101.97,102.61,102.61,"121,114"
"May 16, 2014",101.56,102.23,101.39,102.02,102.02,"147,896"
"May 15, 2014",102.03,102.26,101.27,101.50,101.50,"276,060"
"May 14, 2014",101.91,102.65,101.83,102.37,102.37,"234,477"
"May 13, 2014",100.63,102.05,100.36,101.70,101.70,"253,588"
"May 12, 2014",100.12,100.93,99.93,100.59,100.59,"211,648"
"May 9, 2014",100.27,101.18,99.71,99.99,99.99,"271,341"
"May 8, 2014",100.82,100.93,99.87,100.26,100.26,"252,605"
"May 7, 2014",99.83,100.99,99.78,100.77,100.77,"291,271"
"May 6, 2014",99.38,100.42,99.32,99.50,99.50,"251,208"
"May 5, 2014",99.96,100.44,98.91,99.48,99.48,"190,002"
"May 2, 2014",99.17,100.14,99.17,99.76,99.76,"213,631"
"May 1, 2014",99.72,99.89,98.74,99.42,99.42,"235,455"
"Apr 30, 2014",100.76,100.76,99.35,99.74,99.74,"282,979"
"Apr 29, 2014",100.89,102.20,100.71,101.28,101.28,"218,691"
"Apr 28, 2014",100.49,101.52,100.33,100.84,100.84,"231,590"
"Apr 25, 2014",101.93,102.05,100.48,100.60,100.60,"221,601"
"Apr 24, 2014",101.54,102.35,101.40,101.94,101.94,"202,278"
"Apr 23, 2014",101.86,102.08,101.20,101.44,101.44,"250,645"
"Apr 22, 2014",104.36,104.36,101.69,102.13,102.13,"323,723"
"Apr 21, 2014",104.54,104.77,103.85,104.37,104.37,"115,095"
"Apr 17, 2014",103.84,104.78,103.54,104.30,104.30,"191,342"
"Apr 16, 2014",103.76,104.99,103.12,103.76,103.76,"279,392"
"Apr 15, 2014",103.60,104.05,102.91,103.75,103.75,"215,848"
"Apr 14, 2014",103.56,104.55,103.34,104.05,104.05,"237,213"
"Apr 11, 2014",103.34,104.44,103.01,103.74,103.74,"261,915"
"Apr 10, 2014",103.44,103.81,103.10,103.40,103.40,"222,169"
"Apr 9, 2014",102.35,103.77,102.03,103.60,103.60,"324,660"
"Apr 8, 2014",100.69,102.71,100.68,102.56,102.56,"299,549"
"Apr 7, 2014",100.91,101.32,99.92,100.44,100.44,"254,884"
"Apr 4, 2014",100.38,101.63,100.28,101.14,101.14,"193,532"
"Apr 3, 2014",99.29,100.49,99.07,100.29,100.29,"195,430"
"Apr 2, 2014",99.64,99.83,98.86,99.62,99.62,"231,596"
"Apr 1, 2014",101.53,101.57,99.28,99.74,99.74,"237,564"
"Mar 31, 2014",101.69,101.97,100.88,101.58,101.58,"167,570"
"Mar 28, 2014",101.34,102.24,101.18,101.67,101.67,"166,326"
"Mar 27, 2014",100.30,101.70,100.03,101.28,101.28,"202,200"
"Mar 26, 2014",99.18,100.46,99.10,100.26,100.26,"211,367"
"Mar 25, 2014",99.43,100.25,98.80,99.19,99.19,"217,013"
"Mar 24, 2014",99.49,100.29,99.05,99.60,99.60,"151,710"
"Mar 21, 2014",98.59,100.25,98.25,99.46,99.46,"191,289"
"Mar 20, 2014",100.39,100.82,99.08,99.43,99.43,"244,866"
"Mar 19, 2014",99.53,100.47,99.34,100.37,100.37,"110,319"
"Mar 18, 2014",97.97,99.78,97.75,99.70,99.70,"192,508"
"Mar 17, 2014",99.39,99.39,97.37,98.08,98.08,"227,387"
"Mar 14, 2014",98.25,99.28,98.06,98.89,98.89,"226,300"
"Mar 13, 2014",98.10,98.60,97.67,98.20,98.20,"268,074"
"Mar 12, 2014",99.48,99.60,97.55,97.99,97.99,"416,927"
"Mar 11, 2014",100.94,101.52,99.32,100.03,100.03,"294,201"
"Mar 10, 2014",102.75,102.82,100.85,101.12,101.12,"225,290"
"Mar 7, 2014",101.97,102.91,101.57,102.58,102.58,"226,145"
"Mar 6, 2014",101.04,102.08,100.13,101.56,101.56,"291,849"
"Mar 5, 2014",103.35,103.53,100.85,101.45,101.45,"267,837"
"Mar 4, 2014",104.89,104.96,102.85,103.33,103.33,"210,005"
"Mar 3, 2014",103.00,105.22,102.95,104.92,104.92,"295,819"
"Feb 28, 2014",102.15,102.96,101.80,102.59,102.59,"178,276"
"Feb 27, 2014",102.57,103.08,101.75,102.40,102.40,"196,494"
"Feb 26, 2014",102.04,102.90,101.58,102.59,102.59,"196,517"
"Feb 25, 2014",102.80,102.84,101.02,101.83,101.83,"187,216"
"Feb 24, 2014",102.29,103.45,101.97,102.82,102.82,"177,861"
"Feb 21, 2014",102.87,102.92,101.69,102.20,102.20,"173,260"
"Feb 20, 2014",103.41,103.50,102.75,102.92,102.92,"194,397"
"Feb 19, 2014",103.14,103.80,102.40,103.31,103.31,"116,164"
"Feb 18, 2014",100.32,103.25,100.23,102.43,102.43,"177,371"
"Feb 14, 2014",100.34,100.47,99.43,100.30,100.30,"229,784"
"Feb 13, 2014",100.27,100.66,99.40,100.35,100.35,"221,722"
"Feb 12, 2014",100.46,101.38,100.04,100.37,100.37,"318,686"
"Feb 11, 2014",99.97,100.60,99.60,99.94,99.94,"233,933"
"Feb 10, 2014",100.05,100.55,99.11,100.06,100.06,"251,127"
"Feb 7, 2014",97.97,100.24,97.11,99.88,99.88,"270,407"
"Feb 6, 2014",97.25,98.83,97.25,97.84,97.84,"234,281"
"Feb 5, 2014",97.67,98.26,96.80,97.38,97.38,"237,671"
"Feb 4, 2014",96.53,97.82,96.37,97.19,97.19,"204,282"
"Feb 3, 2014",97.40,97.94,96.26,96.43,96.43,"293,312"
"Jan 31, 2014",97.97,98.39,97.10,97.49,97.49,"253,457"
"Jan 30, 2014",97.42,98.59,97.33,98.23,98.23,"199,420"
"Jan 29, 2014",97.17,97.75,96.32,97.36,97.36,"200,486"
"Jan 28, 2014",95.66,97.66,95.63,97.41,97.41,"206,490"
"Jan 27, 2014",96.90,97.18,95.21,95.72,95.72,"235,110"
"Jan 24, 2014",97.37,97.80,96.25,96.64,96.64,"239,673"
"Jan 23, 2014",96.69,97.84,96.41,97.32,97.32,"274,078"
"Jan 22, 2014",95.20,96.89,95.12,96.73,96.73,"252,349"
"Jan 21, 2014",94.00,95.23,93.43,94.99,94.99,"244,861"
"Jan 17, 2014",94.17,94.94,93.94,94.37,94.37,"119,887"
"Jan 16, 2014",94.29,94.64,93.60,93.96,93.96,"165,135"
"Jan 15, 2014",92.65,94.64,92.43,94.17,94.17,"263,295"
"Jan 14, 2014",91.51,92.88,91.50,92.59,92.59,"243,474"
"Jan 13, 2014",92.83,92.88,91.43,91.80,91.80,"212,208"
"Jan 10, 2014",92.30,93.38,91.99,92.72,92.72,"255,988"
"Jan 9, 2014",92.58,92.93,91.24,91.66,91.66,"255,784"
"Jan 8, 2014",93.96,94.18,92.26,92.33,92.33,"244,855"
"Jan 7, 2014",93.60,94.22,93.35,93.67,93.67,"177,182"
"Jan 6, 2014",94.18,94.59,93.20,93.43,93.43,"189,379"
"Jan 3, 2014",95.47,95.74,93.86,93.96,93.96,"215,522"
"Jan 2, 2014",98.50,98.97,95.34,95.44,95.44,"251,248"
"Dec 31, 2013",99.25,99.39,98.15,98.42,98.42,"113,907"
"Dec 30, 2013",100.15,100.42,99.13,99.29,99.29,"118,356"
"Dec 27, 2013",99.63,100.75,99.37,100.32,100.32,"127,198"
"Dec 26, 2013",99.20,99.70,99.05,99.55,99.55,"65,666"
"Dec 24, 2013",98.62,99.30,98.53,99.22,99.22,"51,877"
"Dec 23, 2013",99.20,99.31,98.64,98.91,98.91,"107,273"
"Dec 20, 2013",98.70,99.40,98.54,99.32,99.32,"151,281"
"Dec 19, 2013",97.69,99.17,97.50,98.77,98.77,"192,782"
"Dec 18, 2013",97.30,98.01,97.02,97.80,97.80,"84,627"
"Dec 17, 2013",97.30,97.90,97.00,97.22,97.22,"120,127"
"Dec 16, 2013",96.55,97.69,96.21,97.48,97.48,"187,591"
"Dec 13, 2013",97.58,97.62,96.26,96.60,96.60,"233,161"
"Dec 12, 2013",97.55,98.18,97.31,97.50,97.50,"205,749"
"Dec 11, 2013",98.65,98.75,97.20,97.44,97.44,"274,194"
"Dec 10, 2013",97.25,98.74,97.24,98.51,98.51,"264,838"
"Dec 9, 2013",97.66,97.97,97.10,97.34,97.34,"210,090"
"Dec 6, 2013",97.38,98.07,97.08,97.65,97.65,"223,944"
"Dec 5, 2013",97.33,97.99,97.01,97.38,97.38,"216,392"
"Dec 4, 2013",96.90,97.58,96.30,97.20,97.20,"325,857"
"Dec 3, 2013",93.86,96.96,93.67,96.04,96.04,"319,271"
"Dec 2, 2013",92.71,94.08,92.56,93.82,93.82,"234,800"
"Nov 29, 2013",92.33,93.90,92.06,92.72,92.72,"143,205"
"Nov 27, 2013",93.50,93.60,91.77,92.30,92.30,"230,878"
"Nov 26, 2013",94.21,94.69,93.43,93.68,93.68,"160,178"
"Nov 25, 2013",94.15,94.50,93.08,94.09,94.09,"270,860"
"Nov 22, 2013",95.29,95.57,94.05,94.84,94.84,"257,843"
"Nov 21, 2013",93.73,95.63,93.47,95.44,95.44,"222,138"
"Nov 20, 2013",93.33,93.93,92.73,93.33,93.33,"225,891"
"Nov 19, 2013",93.00,93.46,92.43,93.34,93.34,"131,463"
"Nov 18, 2013",93.78,94.30,92.72,93.03,93.03,"169,443"
"Nov 15, 2013",93.89,94.55,93.58,93.84,93.84,"204,366"
"Nov 14, 2013",93.50,94.43,92.51,93.76,93.76,"315,066"
"Nov 13, 2013",93.07,94.54,92.93,93.88,93.88,"305,009"
"Nov 12, 2013",95.00,95.22,92.86,93.04,93.04,"353,689"
"Nov 11, 2013",94.45,95.38,94.11,95.14,95.14,"206,721"
"Nov 8, 2013",94.36,94.92,93.90,94.60,94.60,"241,690"
"Nov 7, 2013",94.91,95.31,93.80,94.20,94.20,"260,597"
"Nov 6, 2013",93.74,95.40,93.65,94.80,94.80,"282,722"
"Nov 5, 2013",94.47,94.90,93.07,93.37,93.37,"226,454"
"Nov 4, 2013",94.52,95.11,94.06,94.62,94.62,"219,109"
"Nov 1, 2013",96.32,96.65,94.36,94.61,94.61,"282,138"
"Oct 31, 2013",96.62,97.03,96.03,96.38,96.38,"255,401"
"Oct 30, 2013",97.77,97.82,96.55,96.77,96.77,"268,138"
"Oct 29, 2013",98.54,98.57,97.69,98.20,98.20,"183,243"
"Oct 28, 2013",97.88,98.82,97.37,98.68,98.68,"230,155"
"Oct 25, 2013",97.19,98.06,96.99,97.85,97.85,"192,632"
"Oct 24, 2013",97.10,97.69,95.95,97.11,97.11,"248,742"
"Oct 23, 2013",98.12,98.29,96.16,96.86,96.86,"356,194"
"Oct 22, 2013",99.06,99.77,97.50,97.80,97.80,"347,314"
"Oct 21, 2013",100.63,100.95,98.98,99.22,99.22,"90,824"
"Oct 18, 2013",100.72,101.71,100.51,100.81,100.81,"116,680"
"Oct 17, 2013",102.13,102.32,100.03,100.67,100.67,"266,625"
"Oct 16, 2013",100.88,102.97,100.75,102.29,102.29,"235,236"
"Oct 15, 2013",102.19,102.46,100.87,101.21,101.21,"240,218"
"Oct 14, 2013",101.37,102.62,101.06,102.41,102.41,"170,674"
"Oct 11, 2013",102.94,102.95,100.60,102.02,102.02,"298,216"
"Oct 10, 2013",101.46,103.57,101.16,103.01,103.01,"296,858"
"Oct 9, 2013",103.49,103.75,101.18,101.61,101.61,"283,131"
"Oct 8, 2013",103.16,104.08,102.85,103.49,103.49,"194,195"
"Oct 7, 2013",103.45,103.74,101.86,103.03,103.03,"269,025"
"Oct 4, 2013",102.92,104.19,102.90,103.84,103.84,"165,197"
"Oct 3, 2013",103.82,104.38,102.87,103.31,103.31,"226,225"
"Oct 2, 2013",101.62,104.23,101.43,104.10,104.10,"300,526"
"Oct 1, 2013",102.31,102.58,101.06,102.04,102.04,"223,028"
"Sep 30, 2013",102.46,102.76,101.05,102.33,102.33,"226,707"
"Sep 27, 2013",102.91,103.77,102.36,102.87,102.87,"232,299"
"Sep 26, 2013",102.30,103.29,102.20,103.03,103.03,"183,778"
"Sep 25, 2013",103.41,103.96,102.20,102.66,102.66,"236,195"
"Sep 24, 2013",103.44,103.64,102.30,103.13,103.13,"259,543"
"Sep 23, 2013",104.89,105.12,103.12,103.59,103.59,"223,392"
"Sep 20, 2013",106.37,106.46,104.32,104.68,104.68,"250,360"
"Sep 19, 2013",108.22,108.99,106.08,106.39,106.39,"139,835"
"Sep 18, 2013",105.53,108.49,105.32,108.07,108.07,"199,888"
"Sep 17, 2013",106.22,106.43,104.94,105.42,105.42,"304,851"
"Sep 16, 2013",107.50,108.00,106.06,106.59,106.59,"282,888"
"Sep 13, 2013",108.64,108.74,107.23,108.21,108.21,"207,037"
"Sep 12, 2013",107.77,109.16,107.30,108.60,108.60,"249,780"
"Sep 11, 2013",107.36,108.09,106.53,107.56,107.56,"238,235"
"Sep 10, 2013",108.92,108.95,106.39,107.39,107.39,"325,314"
"Sep 9, 2013",110.28,110.46,108.76,109.52,109.52,"266,915"
"Sep 6, 2013",108.52,110.70,108.12,110.53,110.53,"269,866"
"Sep 5, 2013",107.59,108.54,107.13,108.37,108.37,"184,889"
"Sep 4, 2013",108.44,108.61,106.77,107.23,107.23,"224,377"
"Sep 3, 2013",107.07,108.83,104.21,108.54,108.54,"288,018"
"Aug 30, 2013",108.17,108.75,106.75,107.65,107.65,"250,038"
"Aug 29, 2013",109.53,110.07,107.72,108.80,108.80,"250,038"
"Aug 28, 2013",109.22,112.24,109.11,110.10,110.10,"336,171"
"Aug 27, 2013",106.14,109.32,105.88,109.01,109.01,"295,934"
"Aug 26, 2013",106.91,107.37,105.56,105.92,105.92,"165,995"
"Aug 23, 2013",105.22,106.94,104.30,106.42,106.42,"259,545"
"Aug 22, 2013",103.88,105.25,103.53,105.03,105.03,"204,692"
"Aug 21, 2013",105.18,105.35,103.50,103.85,103.85,"259,243"
"Aug 20, 2013",106.93,107.10,104.50,104.97,104.97,"361,065"
"Aug 19, 2013",107.78,107.80,106.56,107.10,107.10,"102,781"
"Aug 16, 2013",107.18,108.17,106.56,107.46,107.46,"179,859"
"Aug 15, 2013",106.98,107.87,106.60,107.33,107.33,"251,868"
"Aug 14, 2013",106.54,107.06,105.60,106.85,106.85,"270,921"
"Aug 13, 2013",106.15,107.20,105.56,106.83,106.83,"276,773"
"Aug 12, 2013",105.84,106.46,105.03,106.11,106.11,"257,139"
"Aug 9, 2013",103.87,106.24,103.62,105.97,105.97,"303,796"
"Aug 8, 2013",104.18,104.96,102.22,103.40,103.40,"320,070"
"Aug 7, 2013",105.68,105.77,104.10,104.37,104.37,"294,242"
"Aug 6, 2013",106.48,107.27,104.86,105.30,105.30,"272,996"
"Aug 5, 2013",106.84,107.69,105.70,106.56,106.56,"204,860"
"Aug 2, 2013",107.80,108.82,106.45,106.94,106.94,"249,314"
"Aug 1, 2013",105.26,108.06,105.10,107.89,107.89,"267,594"
"Jul 31, 2013",103.15,105.43,102.93,105.03,105.03,"299,127"
"Jul 30, 2013",104.52,104.54,102.67,103.08,103.08,"235,605"
"Jul 29, 2013",104.61,105.37,103.87,104.55,104.55,"206,326"
"Jul 26, 2013",105.56,105.63,103.90,104.70,104.70,"208,855"
"Jul 25, 2013",105.37,105.87,104.08,105.49,105.49,"270,580"
"Jul 24, 2013",107.36,107.52,104.79,105.39,105.39,"278,262"
"Jul 23, 2013",107.00,107.55,105.46,107.23,107.23,"241,640"
"Jul 22, 2013",108.34,108.79,106.43,106.91,106.91,"283,866"
"Jul 19, 2013",108.12,109.32,107.48,108.05,108.05,"112,373"
"Jul 18, 2013",106.56,108.43,106.15,108.04,108.04,"155,963"
"Jul 17, 2013",105.78,106.60,105.11,106.48,106.48,"262,789"
"Jul 16, 2013",106.44,107.18,105.66,106.00,106.00,"250,921"
"Jul 15, 2013",106.05,106.63,104.65,106.32,106.32,"210,806"
"Jul 12, 2013",104.58,106.33,104.36,105.95,105.95,"234,756"
"Jul 11, 2013",106.15,107.45,104.31,104.91,104.91,"316,730"
"Jul 10, 2013",104.57,106.66,104.21,106.52,106.52,"404,821"
"Jul 9, 2013",103.00,104.76,102.31,103.53,103.53,"285,670"
"Jul 8, 2013",103.95,104.12,102.13,103.14,103.14,"253,202"
"Jul 5, 2013",101.09,103.68,100.71,103.22,103.22,"256,027"
"Jul 3, 2013",99.61,102.18,99.59,101.24,101.24,"353,250"
"Jul 2, 2013",98.06,99.87,97.78,99.60,99.60,"285,781"
"Jul 1, 2013",96.58,98.28,96.07,97.99,97.99,"229,193"
"Jun 28, 2013",96.81,97.82,96.33,96.56,96.56,"247,607"
"Jun 27, 2013",95.52,97.41,95.35,97.05,97.05,"269,312"
"Jun 26, 2013",95.17,95.70,93.68,95.50,95.50,"291,417"
"Jun 25, 2013",95.02,96.17,94.59,95.32,95.32,"267,541"
"Jun 24, 2013",93.85,95.59,92.67,95.18,95.18,"315,821"
"Jun 21, 2013",94.96,95.84,93.12,93.69,93.69,"340,903"
"Jun 20, 2013",98.02,98.03,94.89,95.40,95.40,"376,229"
"Jun 19, 2013",98.59,99.01,97.57,98.24,98.24,"111,300"
"Jun 18, 2013",97.93,98.67,97.41,98.44,98.44,"145,618"
"Jun 17, 2013",97.85,98.74,97.38,97.77,97.77,"242,794"
"Jun 14, 2013",96.64,98.25,96.42,97.85,97.85,"240,906"
"Jun 13, 2013",95.77,96.92,95.02,96.69,96.69,"224,449"
"Jun 12, 2013",94.89,96.45,94.46,95.88,95.88,"244,870"
"Jun 11, 2013",95.76,95.91,94.04,95.38,95.38,"257,474"
"Jun 10, 2013",96.09,96.25,95.19,95.77,95.77,"234,601"
"Jun 7, 2013",94.72,96.39,93.72,96.03,96.03,"330,833"
"Jun 6, 2013",93.70,95.32,93.69,94.76,94.76,"267,164"
"Jun 5, 2013",93.86,94.48,93.41,93.74,93.74,"268,909"
"Jun 4, 2013",93.35,94.41,92.38,93.31,93.31,"301,136"
"Jun 3, 2013",91.73,93.70,91.26,93.45,93.45,"287,474"
"May 31, 2013",93.64,93.85,91.56,91.97,91.97,"267,978"
"May 30, 2013",92.89,93.99,91.65,93.61,93.61,"294,855"
"May 29, 2013",95.05,95.22,92.83,93.13,93.13,"293,461"
"May 28, 2013",93.89,95.92,93.23,95.01,95.01,"240,990"
"May 24, 2013",94.37,94.39,93.04,94.15,94.15,"203,991"
"May 23, 2013",94.18,94.46,92.21,94.25,94.25,"323,633"
"May 22, 2013",95.90,96.19,94.01,94.28,94.28,"336,497"
"May 21, 2013",96.70,96.97,95.50,96.16,96.16,"259,159"
"May 20, 2013",95.93,97.11,95.23,96.71,96.71,"118,621"
"May 17, 2013",95.15,96.45,94.79,96.02,96.02,"187,754"
"May 16, 2013",94.34,95.57,93.23,95.16,95.16,"297,863"
"May 15, 2013",94.13,94.44,92.13,94.30,94.30,"360,684"
"May 14, 2013",94.93,95.66,93.85,94.21,94.21,"269,403"
"May 13, 2013",95.76,95.81,94.47,95.17,95.17,"297,036"
"May 10, 2013",96.16,96.24,93.37,96.04,96.04,"354,119"
"May 9, 2013",96.60,96.77,95.35,96.39,96.39,"272,196"
"May 8, 2013",95.56,96.77,95.24,96.62,96.62,"276,315"
"May 7, 2013",95.79,96.26,94.92,95.62,95.62,"260,141"
"May 6, 2013",95.58,97.17,94.85,96.16,96.16,"271,004"
"May 3, 2013",93.99,96.04,93.56,95.61,95.61,"297,522"
"May 2, 2013",91.00,94.25,90.65,93.99,93.99,"310,808"
"May 1, 2013",93.08,93.26,90.11,91.03,91.03,"332,382"
"Apr 30, 2013",94.42,94.62,92.86,93.46,93.46,"277,499"
"Apr 29, 2013",92.70,94.69,92.43,94.50,94.50,"214,608"
"Apr 26, 2013",93.24,93.58,92.06,93.00,93.00,"240,966"
"Apr 25, 2013",91.58,93.87,91.11,93.64,93.64,"270,121"
"Apr 24, 2013",89.60,91.72,89.21,91.43,91.43,"257,736"
"Apr 23, 2013",89.28,89.60,87.80,89.18,89.18,"288,801"
"Apr 22, 2013",87.96,89.13,87.55,88.76,88.76,"238,730"
"Apr 19, 2013",88.37,88.79,87.56,88.01,88.01,"100,652"
"Apr 18, 2013",86.39,88.51,85.61,87.73,87.73,"228,200"
"Apr 17, 2013",88.80,89.09,86.06,86.68,86.68,"294,274"
"Apr 16, 2013",87.42,88.96,86.06,88.72,88.72,"287,410"
"Apr 15, 2013",90.95,90.98,87.20,88.71,88.71,"362,524"
"Apr 12, 2013",93.49,93.52,90.27,91.29,91.29,"325,580"
"Apr 11, 2013",94.56,94.64,93.06,93.51,93.51,"222,439"
"Apr 10, 2013",93.96,94.82,93.40,94.64,94.64,"248,557"
"Apr 9, 2013",93.49,94.48,92.86,94.20,94.20,"234,720"
"Apr 8, 2013",93.02,93.75,92.46,93.36,93.36,"212,117"
"Apr 5, 2013",93.36,93.57,91.91,92.70,92.70,"267,276"
"Apr 4, 2013",94.50,94.84,92.12,93.26,93.26,"355,321"
"Apr 3, 2013",96.93,96.96,94.18,94.45,94.45,"302,235"
"Apr 2, 2013",97.00,97.44,95.91,97.19,97.19,"209,877"
"Apr 1, 2013",97.36,97.80,95.92,97.07,97.07,"192,396"
"Mar 28, 2013",96.68,97.35,96.26,97.23,97.23,"174,390"
"Mar 27, 2013",96.18,96.84,95.58,96.58,96.58,"207,777"
"Mar 26, 2013",94.75,96.45,94.67,96.34,96.34,"214,345"
"Mar 25, 2013",93.72,95.65,93.70,94.81,94.81,"270,651"
"Mar 22, 2013",92.33,93.94,92.33,93.71,93.71,"202,666"
"Mar 21, 2013",93.40,93.53,91.84,92.45,92.45,"214,131"
"Mar 20, 2013",92.09,93.30,92.09,92.96,92.96,"226,790"
"Mar 19, 2013",93.80,94.09,92.03,92.16,92.16,"96,796"
"Mar 18, 2013",93.26,93.94,91.76,93.74,93.74,"151,208"
"Mar 15, 2013",93.15,93.84,93.00,93.45,93.45,"175,611"
"Mar 14, 2013",92.51,93.25,92.01,93.03,93.03,"174,701"
"Mar 13, 2013",92.62,93.40,91.91,92.52,92.52,"251,336"
"Mar 12, 2013",91.94,93.47,91.60,92.54,92.54,"283,114"
"Mar 11, 2013",91.83,92.15,90.89,92.06,92.06,"194,607"
"Mar 8, 2013",91.42,92.03,90.83,91.95,91.95,"219,961"
"Mar 7, 2013",90.42,91.73,90.22,91.56,91.56,"234,921"
"Mar 6, 2013",90.83,91.17,89.55,90.43,90.43,"244,168"
"Mar 5, 2013",90.23,90.99,90.02,90.82,90.82,"209,874"
"Mar 4, 2013",90.71,90.91,89.33,90.12,90.12,"231,108"
"Mar 1, 2013",91.76,91.97,90.04,90.68,90.68,"248,466"
"Feb 28, 2013",92.89,93.18,91.57,92.05,92.05,"218,119"
"Feb 27, 2013",92.72,93.37,92.18,92.76,92.76,"201,512"
"Feb 26, 2013",91.92,93.44,91.92,92.63,92.63,"230,836"
"Feb 25, 2013",93.23,94.46,92.07,93.11,93.11,"217,519"
"Feb 22, 2013",92.96,93.48,92.44,93.13,93.13,"204,258"
"Feb 21, 2013",94.72,94.92,92.63,92.84,92.84,"286,434"
"Feb 20, 2013",96.66,97.07,93.92,94.46,94.46,"338,967"
"Feb 19, 2013",95.97,96.73,95.25,96.66,96.66,"118,307"
"Feb 15, 2013",97.34,97.47,95.21,95.86,95.86,"223,592"
"Feb 14, 2013",97.17,97.71,96.77,97.31,97.31,"174,599"
"Feb 13, 2013",97.59,98.11,96.63,97.01,97.01,"246,437"
"Feb 12, 2013",96.96,97.79,96.68,97.51,97.51,"239,796"
"Feb 11, 2013",95.79,97.09,94.97,97.03,97.03,"283,956"
"Feb 8, 2013",95.92,96.57,95.27,95.72,95.72,"229,242"
"Feb 7, 2013",96.86,97.21,95.54,95.83,95.83,"275,474"
"Feb 6, 2013",96.64,96.99,95.04,96.62,96.62,"282,803"
"Feb 5, 2013",96.13,97.07,95.91,96.64,96.64,"188,841"
"Feb 4, 2013",97.72,97.76,95.89,96.17,96.17,"196,975"
"Feb 1, 2013",97.42,98.15,96.51,97.77,97.77,"270,275"
"Jan 31, 2013",97.96,98.04,96.84,97.49,97.49,"230,630"
"Jan 30, 2013",97.32,98.24,97.32,97.94,97.94,"211,277"
"Jan 29, 2013",96.46,97.82,96.29,97.57,97.57,"252,931"
"Jan 28, 2013",96.04,96.81,95.47,96.44,96.44,"167,186"
"Jan 25, 2013",95.95,96.56,95.43,95.88,95.88,"184,873"
"Jan 24, 2013",95.50,96.68,95.12,95.95,95.95,"232,035"
"Jan 23, 2013",96.76,96.92,94.95,95.23,95.23,"318,008"
"Jan 22, 2013",95.25,96.40,94.98,96.24,96.24,"236,391"
"Jan 18, 2013",95.19,95.67,94.91,95.56,95.56,"118,549"
"Jan 17, 2013",94.19,96.04,93.80,95.49,95.49,"178,285"
"Jan 16, 2013",93.40,94.36,93.10,94.24,94.24,"241,531"
"Jan 15, 2013",94.20,94.44,93.22,93.28,93.28,"248,136"
"Jan 14, 2013",93.74,94.29,92.95,94.14,94.14,"248,600"
"Jan 11, 2013",93.87,94.13,92.65,93.56,93.56,"257,821"
"Jan 10, 2013",93.19,94.70,93.08,93.82,93.82,"279,295"
"Jan 9, 2013",93.15,93.65,92.68,93.10,93.10,"201,385"
"Jan 8, 2013",93.32,93.80,92.67,93.15,93.15,"195,867"
"Jan 7, 2013",93.21,93.35,92.42,93.19,93.19,"166,292"
"Jan 4, 2013",92.86,93.21,91.52,93.09,93.09,"210,747"
"Jan 3, 2013",92.91,93.30,92.49,92.92,92.92,"189,812"
"Jan 2, 2013",91.78,93.87,91.56,93.12,93.12,"203,865"
"Dec 31, 2012",90.41,91.99,90.00,91.82,91.82,"119,525"
"Dec 28, 2012",91.15,91.49,90.32,90.80,90.80,"131,374"
"Dec 27, 2012",91.00,91.44,90.05,90.87,90.87,"152,771"
"Dec 26, 2012",88.62,91.30,88.59,90.98,90.98,"141,598"
"Dec 24, 2012",88.60,88.86,88.20,88.61,88.61,"48,516"
"Dec 21, 2012",90.02,90.07,87.96,88.66,88.66,"180,375"
"Dec 20, 2012",89.69,90.54,89.26,90.13,90.13,"178,144"
"Dec 19, 2012",87.94,89.90,87.81,89.51,89.51,"233,083"
"Dec 18, 2012",87.45,88.16,87.21,87.93,87.93,"93,130"
"Dec 17, 2012",86.88,87.71,86.48,87.20,87.20,"157,226"
"Dec 14, 2012",86.13,86.92,86.05,86.73,86.73,"218,265"
"Dec 13, 2012",86.77,86.97,85.81,85.89,85.89,"228,417"
"Dec 12, 2012",85.69,87.68,85.68,86.77,86.77,"300,353"
"Dec 11, 2012",85.70,86.37,85.21,85.79,85.79,"217,859"
"Dec 10, 2012",85.98,86.78,85.33,85.56,85.56,"211,603"
"Dec 7, 2012",86.39,86.92,85.77,85.93,85.93,"244,993"
"Dec 6, 2012",87.87,88.23,85.68,86.26,86.26,"269,293"
"Dec 5, 2012",88.50,89.05,87.46,87.88,87.88,"220,850"
"Dec 4, 2012",88.93,89.18,87.57,88.50,88.50,"206,265"
"Dec 3, 2012",88.85,90.33,88.66,89.09,89.09,"235,987"
"Nov 30, 2012",87.66,88.99,87.47,88.91,88.91,"216,206"
"Nov 29, 2012",86.57,88.69,86.55,88.07,88.07,"270,030"
"Nov 28, 2012",87.33,87.34,85.36,86.49,86.49,"249,744"
"Nov 27, 2012",87.82,88.25,86.83,87.18,87.18,"210,470"
"Nov 26, 2012",88.21,88.29,87.27,87.74,87.74,"156,593"
"Nov 23, 2012",87.68,88.53,86.71,88.28,88.28,"104,944"
"Nov 21, 2012",87.28,87.89,86.37,87.38,87.38,"220,980"
"Nov 20, 2012",89.15,89.19,86.17,86.75,86.75,"322,630"
"Nov 19, 2012",87.30,89.80,87.11,89.28,89.28,"247,078"
"Nov 16, 2012",85.28,87.01,85.02,86.67,86.67,"271,209"
"Nov 15, 2012",86.36,86.83,84.68,85.45,85.45,"168,098"
"Nov 14, 2012",85.37,86.65,84.93,86.32,86.32,"265,306"
"Nov 13, 2012",85.59,85.95,84.57,85.38,85.38,"352,247"
"Nov 12, 2012",86.19,86.54,85.27,85.57,85.57,"280,690"
"Nov 9, 2012",85.00,86.77,84.13,86.07,86.07,"322,403"
"Nov 8, 2012",84.52,85.70,84.22,85.09,85.09,"296,599"
"Nov 7, 2012",88.42,88.80,84.05,84.44,84.44,"422,211"
"Nov 6, 2012",85.67,89.22,85.42,88.71,88.71,"303,429"
"Nov 5, 2012",84.65,85.90,84.34,85.65,85.65,"221,397"
"Nov 2, 2012",86.91,87.24,84.66,84.86,84.86,"297,311"
"Nov 1, 2012",86.10,87.42,85.92,87.09,87.09,"197,179"
"Oct 31, 2012",85.73,87.19,85.61,86.24,86.24,"212,577"
"Oct 26, 2012",86.00,86.37,85.00,86.28,86.28,"212,378"
"Oct 25, 2012",85.65,86.75,85.23,86.05,86.05,"208,678"
"Oct 24, 2012",86.60,87.47,84.94,85.73,85.73,"298,160"
"Oct 23, 2012",89.14,89.29,85.69,86.67,86.67,"309,492"
"Oct 22, 2012",89.52,90.80,88.20,88.73,88.73,"275,720"
"Oct 19, 2012",92.04,93.05,89.83,90.05,90.05,"123,648"
"Oct 18, 2012",92.06,92.59,90.66,92.10,92.10,"184,654"
"Oct 17, 2012",92.08,92.85,91.55,92.12,92.12,"226,343"
"Oct 16, 2012",91.76,92.32,91.30,92.09,92.09,"232,217"
"Oct 15, 2012",91.63,92.20,89.79,91.85,91.85,"269,016"
"Oct 12, 2012",92.41,92.64,91.16,91.86,91.86,"198,462"
"Oct 11, 2012",91.27,92.94,91.09,92.07,92.07,"300,087"
"Oct 10, 2012",92.26,93.66,91.02,91.25,91.25,"303,502"
"Oct 9, 2012",89.62,92.91,89.29,92.39,92.39,"378,040"
"Oct 8, 2012",89.85,89.89,88.21,89.33,89.33,"202,688"
"Oct 5, 2012",91.51,91.71,89.01,89.88,89.88,"279,131"
"Oct 4, 2012",88.01,91.84,87.91,91.71,91.71,"291,389"
"Oct 3, 2012",91.64,91.82,87.70,88.14,88.14,"339,506"
"Oct 2, 2012",92.41,92.94,91.62,91.89,91.89,"177,728"
"Oct 1, 2012",92.15,93.33,91.26,92.48,92.48,"216,005"
"Sep 28, 2012",92.35,92.71,91.40,92.19,92.19,"210,195"
"Sep 27, 2012",90.08,92.39,89.88,91.85,91.85,"237,289"
"Sep 26, 2012",90.82,91.34,88.95,89.98,89.98,"272,057"
"Sep 25, 2012",92.11,93.20,90.57,91.37,91.37,"239,024"
"Sep 24, 2012",93.18,93.18,91.06,91.93,91.93,"188,315"
"Sep 21, 2012",92.93,93.84,92.59,92.89,92.89,"181,036"
"Sep 20, 2012",91.77,92.37,90.66,91.87,91.87,"244,553"
"Sep 19, 2012",95.49,96.17,91.25,91.98,91.98,"133,035"
"Sep 18, 2012",96.71,97.23,95.11,95.29,95.29,"196,211"
"Sep 17, 2012",99.15,99.52,94.65,96.62,96.62,"308,274"
"Sep 14, 2012",98.04,100.42,97.99,99.00,99.00,"271,794"
"Sep 13, 2012",96.93,98.58,96.51,98.31,98.31,"291,055"
"Sep 12, 2012",96.85,98.06,96.31,97.01,97.01,"223,528"
"Sep 11, 2012",96.29,97.31,96.08,97.17,97.17,"222,006"
"Sep 10, 2012",96.24,96.63,95.34,96.54,96.54,"221,996"
"Sep 7, 2012",94.70,96.74,94.08,96.42,96.42,"293,026"
"Sep 6, 2012",96.00,97.71,94.59,95.53,95.53,"327,082"
"Sep 5, 2012",95.61,96.03,94.26,95.36,95.36,"233,044"
"Sep 4, 2012",96.38,97.37,94.97,95.30,95.30,"256,147"
"Aug 31, 2012",94.75,96.92,94.51,96.47,96.47,"249,063"
"Aug 30, 2012",95.30,95.60,93.95,94.62,94.62,"192,455"
"Aug 29, 2012",96.08,96.37,94.76,95.49,95.49,"185,887"
"Aug 28, 2012",95.66,96.54,95.14,96.33,96.33,"198,458"
"Aug 27, 2012",96.67,97.72,94.41,95.47,95.47,"230,844"
"Aug 24, 2012",96.06,97.17,95.41,96.15,96.15,"204,231"
"Aug 23, 2012",97.30,98.29,95.75,96.27,96.27,"225,156"
"Aug 22, 2012",96.94,97.54,96.26,97.26,97.26,"217,435"
"Aug 21, 2012",95.97,97.60,95.81,96.68,96.68,"220,192"
"Aug 20, 2012",96.36,96.53,95.02,95.97,95.97,"113,309"
"Aug 17, 2012",95.23,96.28,94.98,96.01,96.01,"162,591"
"Aug 16, 2012",94.21,95.75,93.93,95.60,95.60,"212,628"
"Aug 15, 2012",93.25,94.90,92.68,94.33,94.33,"281,643"
"Aug 14, 2012",92.71,93.92,92.56,93.43,93.43,"200,411"
"Aug 13, 2012",93.25,94.14,92.05,92.73,92.73,"280,268"
"Aug 10, 2012",93.46,93.87,91.71,92.87,92.87,"224,512"
"Aug 9, 2012",93.43,94.21,93.07,93.36,93.36,"258,637"
"Aug 8, 2012",93.41,94.72,92.82,93.35,93.35,"269,931"
"Aug 7, 2012",92.05,94.42,91.78,93.67,93.67,"260,012"
"Aug 6, 2012",91.34,92.33,90.63,92.20,92.20,"194,374"
"Aug 3, 2012",87.26,91.74,87.23,91.40,91.40,"301,783"
"Aug 2, 2012",88.87,89.63,86.92,87.13,87.13,"302,698"
"Aug 1, 2012",88.03,89.47,87.51,88.91,88.91,"281,204"
"Jul 31, 2012",89.67,90.30,87.31,88.06,88.06,"282,851"
"Jul 30, 2012",90.14,90.95,89.33,89.78,89.78,"191,095"
"Jul 27, 2012",89.43,90.45,89.13,90.13,90.13,"210,412"
"Jul 26, 2012",89.10,90.47,88.07,89.39,89.39,"233,400"
"Jul 25, 2012",88.20,89.36,86.84,88.97,88.97,"289,552"
"Jul 24, 2012",88.05,89.09,87.43,88.50,88.50,"309,865"
"Jul 23, 2012",91.61,91.64,87.91,88.14,88.14,"290,355"
"Jul 20, 2012",92.22,92.30,90.66,91.44,91.44,"249,172"
"Jul 19, 2012",90.08,92.94,89.86,92.66,92.66,"102,928"
"Jul 18, 2012",89.13,90.04,88.59,89.87,89.87,"192,847"
"Jul 17, 2012",88.26,89.46,87.41,89.22,89.22,"262,785"
"Jul 16, 2012",87.13,88.48,86.41,88.43,88.43,"223,124"
"Jul 13, 2012",85.86,87.61,85.58,87.10,87.10,"260,828"
"Jul 12, 2012",86.20,86.37,84.21,86.08,86.08,"240,725"
"Jul 11, 2012",84.01,86.49,84.01,85.81,85.81,"307,821"
"Jul 10, 2012",85.84,85.95,83.65,83.91,83.91,"291,409"
"Jul 9, 2012",84.20,86.48,84.00,85.99,85.99,"256,901"
"Jul 6, 2012",86.73,87.13,84.02,84.45,84.45,"296,204"
"Jul 5, 2012",87.75,88.98,86.50,87.22,87.22,"368,616"
"Jul 3, 2012",83.67,88.04,83.33,87.66,87.66,"336,186"
"Jul 2, 2012",84.65,85.05,82.10,83.75,83.75,"299,104"
"Jun 29, 2012",78.46,85.34,78.28,84.96,84.96,"439,010"
"Jun 28, 2012",80.48,80.84,77.28,77.69,77.69,"310,148"
"Jun 27, 2012",79.47,80.92,78.68,80.21,80.21,"253,006"
"Jun 26, 2012",79.23,79.68,78.36,79.36,79.36,"253,304"
"Jun 25, 2012",80.20,80.68,78.03,79.21,79.21,"249,004"
"Jun 22, 2012",78.11,80.37,77.56,79.76,79.76,"293,224"
"Jun 21, 2012",81.08,81.20,77.93,78.20,78.20,"376,969"
"Jun 20, 2012",84.04,84.34,80.91,81.80,81.80,"413,790"
"Jun 19, 2012",83.06,84.41,82.28,84.03,84.03,"109,008"
"Jun 18, 2012",85.09,85.60,82.04,83.27,83.27,"216,955"
"Jun 15, 2012",84.33,84.80,83.42,84.03,84.03,"216,554"
"Jun 14, 2012",82.44,84.42,82.27,83.91,83.91,"278,944"
"Jun 13, 2012",83.51,84.01,82.15,82.62,82.62,"327,544"
"Jun 12, 2012",81.18,83.72,81.07,83.32,83.32,"320,803"
"Jun 11, 2012",85.72,86.64,81.11,82.70,82.70,"343,211"
"Jun 8, 2012",83.63,84.67,82.00,84.10,84.10,"304,641"
"Jun 7, 2012",85.50,87.03,83.43,84.82,84.82,"339,002"
"Jun 6, 2012",84.12,86.27,84.03,85.02,85.02,"313,102"
"Jun 5, 2012",84.14,84.92,83.31,84.29,84.29,"246,358"
"Jun 4, 2012",82.96,84.38,81.21,83.98,83.98,"309,777"
"Jun 1, 2012",86.44,86.59,82.29,83.23,83.23,"407,579"
"May 31, 2012",87.55,88.28,85.86,86.53,86.53,"345,433"
"May 30, 2012",90.86,90.92,87.27,87.82,87.82,"297,197"
"May 29, 2012",91.00,92.21,90.25,90.76,90.76,"262,562"
"May 25, 2012",90.79,91.32,90.20,90.86,90.86,"153,921"
"May 24, 2012",90.53,91.52,89.81,90.66,90.66,"231,521"
"May 23, 2012",91.54,91.72,89.28,89.90,89.90,"275,522"
"May 22, 2012",92.64,93.01,91.40,91.66,91.66,"226,226"
"May 21, 2012",91.27,93.06,90.84,92.57,92.57,"107,239"
"May 18, 2012",92.86,92.88,90.93,91.48,91.48,"211,749"
"May 17, 2012",92.77,93.88,92.09,92.56,92.56,"280,073"
"May 16, 2012",93.16,94.16,91.81,92.81,92.81,"308,371"
"May 15, 2012",93.91,95.48,93.02,93.98,93.98,"284,712"
"May 14, 2012",95.79,95.83,93.65,94.78,94.78,"251,994"
"May 11, 2012",96.53,97.20,95.56,96.13,96.13,"260,539"
"May 10, 2012",96.45,97.69,96.08,97.08,97.08,"282,314"
"May 9, 2012",97.38,97.39,95.17,96.81,96.81,"332,865"
"May 8, 2012",97.96,98.12,95.52,97.01,97.01,"333,767"
"May 7, 2012",98.05,98.24,95.34,97.94,97.94,"300,474"
"May 4, 2012",102.59,102.72,97.51,98.49,98.49,"443,060"
"May 3, 2012",105.39,105.42,102.36,102.54,102.54,"316,883"
"May 2, 2012",105.98,106.05,104.91,105.22,105.22,"256,649"
"May 1, 2012",104.89,106.43,104.39,106.16,106.16,"245,921"
"Apr 30, 2012",104.93,105.16,103.88,104.87,104.87,"211,453"
"Apr 27, 2012",104.10,105.00,103.74,104.93,104.93,"182,104"
"Apr 26, 2012",103.96,104.92,103.84,104.55,104.55,"192,832"
"Apr 25, 2012",103.76,104.57,103.11,104.12,104.12,"276,652"
"Apr 24, 2012",103.11,104.10,102.79,103.55,103.55,"196,136"
"Apr 23, 2012",103.82,103.90,101.82,103.11,103.11,"213,202"
"Apr 20, 2012",102.57,104.27,102.45,103.05,103.05,"225,790"
"Apr 19, 2012",102.73,103.21,101.67,102.27,102.27,"91,398"
"Apr 18, 2012",104.22,104.51,102.19,102.67,102.67,"195,812"
"Apr 17, 2012",103.15,105.07,102.66,104.20,104.20,"244,523"
"Apr 16, 2012",102.80,103.37,101.80,102.93,102.93,"284,959"
"Apr 13, 2012",103.66,103.90,102.61,102.83,102.83,"227,259"
"Apr 12, 2012",102.55,104.24,102.39,103.64,103.64,"271,285"
"Apr 11, 2012",100.94,103.13,100.84,102.70,102.70,"283,008"
"Apr 10, 2012",102.33,102.96,100.68,101.02,101.02,"312,927"
"Apr 9, 2012",102.53,102.60,100.81,102.46,102.46,"205,924"
"Apr 5, 2012",101.96,103.40,101.37,103.31,103.31,"242,903"
"Apr 4, 2012",104.09,104.12,101.08,101.47,101.47,"300,729"
"Apr 3, 2012",105.04,105.18,103.59,104.01,104.01,"245,541"
"Apr 2, 2012",103.27,105.49,102.06,105.23,105.23,"278,097"
"Mar 30, 2012",103.29,104.15,102.78,103.02,103.02,"244,155"
"Mar 29, 2012",105.58,105.70,102.13,102.78,102.78,"319,988"
"Mar 28, 2012",106.81,106.94,104.67,105.41,105.41,"309,064"
"Mar 27, 2012",107.09,107.73,106.52,107.33,107.33,"209,036"
"Mar 26, 2012",106.79,107.32,106.19,107.03,107.03,"162,276"
"Mar 23, 2012",105.52,108.25,105.16,106.87,106.87,"260,269"
"Mar 22, 2012",106.81,107.12,104.50,105.35,105.35,"295,474"
"Mar 21, 2012",106.33,107.64,106.06,107.27,107.27,"252,603"
"Mar 20, 2012",107.82,107.91,105.35,105.61,105.61,"329,535"
"Mar 19, 2012",107.18,108.24,106.55,108.09,108.09,"110,353"
"Mar 16, 2012",105.44,107.34,105.13,107.06,107.06,"192,992"
"Mar 15, 2012",105.50,106.18,103.78,105.11,105.11,"371,039"
"Mar 14, 2012",106.69,107.02,105.12,105.43,105.43,"283,510"
"Mar 13, 2012",106.55,107.35,105.67,106.71,106.71,"282,350"
"Mar 12, 2012",107.50,107.56,105.38,106.34,106.34,"234,727"
"Mar 9, 2012",106.91,108.20,106.13,107.40,107.40,"292,694"
"Mar 8, 2012",106.24,107.20,105.84,106.58,106.58,"279,597"
"Mar 7, 2012",104.93,106.55,104.35,106.16,106.16,"333,242"
"Mar 6, 2012",107.11,107.34,104.51,104.70,104.70,"332,561"
"Mar 5, 2012",106.75,107.42,105.50,106.72,106.72,"237,450"
"Mar 2, 2012",108.75,109.03,105.80,106.70,106.70,"299,664"
"Mar 1, 2012",106.82,110.55,106.55,108.84,108.84,"389,838"
"Feb 29, 2012",106.46,107.43,104.84,107.07,107.07,"353,125"
"Feb 28, 2012",107.95,108.79,106.30,106.55,106.55,"278,723"
"Feb 27, 2012",109.67,109.77,107.27,108.56,108.56,"277,597"
"Feb 24, 2012",108.66,109.95,107.95,109.77,109.77,"267,713"
"Feb 23, 2012",105.95,108.74,105.45,107.83,107.83,"325,662"
"Feb 22, 2012",106.01,106.72,105.61,106.28,106.28,"241,329"
"Feb 21, 2012",104.65,106.07,104.26,105.84,105.84,"316,239"
"Feb 17, 2012",102.35,104.14,102.25,103.24,103.24,"134,499"
"Feb 16, 2012",101.90,102.69,100.84,102.31,102.31,"197,307"
"Feb 15, 2012",100.90,102.54,100.61,101.80,101.80,"278,272"
"Feb 14, 2012",100.73,101.84,100.28,100.74,100.74,"314,286"
"Feb 13, 2012",99.33,101.00,99.09,100.91,100.91,"268,062"
"Feb 10, 2012",99.89,99.89,97.32,98.67,98.67,"307,564"
"Feb 9, 2012",99.10,100.18,98.66,99.84,99.84,"295,425"
"Feb 8, 2012",98.77,100.09,98.10,98.71,98.71,"364,737"
"Feb 7, 2012",97.13,99.13,95.84,98.41,98.41,"415,728"
"Feb 6, 2012",97.74,97.75,96.38,96.91,96.91,"257,715"
"Feb 3, 2012",96.61,98.03,96.01,97.84,97.84,"318,638"
"Feb 2, 2012",97.11,97.99,95.44,96.36,96.36,"331,240"
"Feb 1, 2012",98.38,99.49,97.11,97.61,97.61,"293,554"
"Jan 31, 2012",98.88,101.29,97.86,98.48,98.48,"373,891"
"Jan 30, 2012",100.00,100.05,98.43,98.78,98.78,"215,829"
"Jan 27, 2012",99.93,100.63,99.13,99.56,99.56,"253,456"
"Jan 26, 2012",99.96,101.39,99.23,99.70,99.70,"260,744"
"Jan 25, 2012",99.20,100.40,97.53,99.40,99.40,"322,794"
"Jan 24, 2012",99.88,100.18,98.25,98.95,98.95,"242,477"
"Jan 23, 2012",98.34,100.24,97.40,99.58,99.58,"238,960"
"Jan 20, 2012",100.39,100.74,97.91,98.46,98.46,"304,986"
"Jan 19, 2012",101.14,102.06,99.98,100.39,100.39,"120,170"
"Jan 18, 2012",100.91,102.06,99.84,100.59,100.59,"269,387"
"Jan 17, 2012",98.95,101.01,98.60,100.71,100.71,"341,887"
"Jan 13, 2012",99.20,100.19,97.70,98.70,98.70,"335,624"
"Jan 12, 2012",101.00,102.98,98.50,99.10,99.10,"370,509"
"Jan 11, 2012",102.20,102.46,100.55,100.87,100.87,"311,641"
"Jan 10, 2012",101.30,103.41,101.30,102.24,102.24,"291,273"
"Jan 9, 2012",101.92,102.15,100.10,101.31,101.31,"311,866"
"Jan 6, 2012",101.35,102.80,100.88,101.56,101.56,"290,458"
"Jan 5, 2012",103.29,103.73,101.30,101.81,101.81,"295,615"
"Jan 4, 2012",102.99,103.74,101.88,103.22,103.22,"271,711"
"Jan 3, 2012",99.70,103.18,99.65,102.96,102.96,"275,481"
"Dec 30, 2011",99.78,100.16,98.61,98.83,98.83,"154,064"
"Dec 29, 2011",99.59,99.92,98.30,99.65,99.65,"153,915"
"Dec 28, 2011",101.25,101.71,99.11,99.36,99.36,"164,655"
"Dec 27, 2011",99.92,101.77,99.37,101.34,101.34,"124,238"
"Dec 23, 2011",99.48,100.23,99.24,99.68,99.68,"95,270"
"Dec 22, 2011",99.03,100.05,98.51,99.53,99.53,"151,560"
"Dec 21, 2011",97.53,99.25,96.80,98.67,98.67,"219,505"
"Dec 20, 2011",94.14,97.45,94.14,97.22,97.22,"242,305"
"Dec 19, 2011",93.76,94.42,92.54,93.88,93.88,"114,563"
"Dec 16, 2011",93.42,94.79,92.52,93.53,93.53,"205,893"
"Dec 15, 2011",94.89,95.99,93.31,93.87,93.87,"273,761"
"Dec 14, 2011",100.33,100.33,94.21,94.95,94.95,"377,475"
"Dec 13, 2011",97.85,101.25,97.64,100.14,100.14,"380,754"
"Dec 12, 2011",99.58,99.68,97.54,97.77,97.77,"279,146"
"Dec 9, 2011",98.08,99.91,97.36,99.41,99.41,"318,767"
"Dec 8, 2011",100.84,101.73,97.71,98.34,98.34,"340,677"
"Dec 7, 2011",101.11,101.94,99.67,100.49,100.49,"330,533"
"Dec 6, 2011",100.45,101.42,100.20,101.28,101.28,"217,029"
"Dec 5, 2011",101.23,102.44,100.24,100.99,100.99,"239,380"
"Dec 2, 2011",100.00,101.56,99.76,100.96,100.96,"245,915"
"Dec 1, 2011",100.51,101.17,98.87,100.20,100.20,"275,858"
"Nov 30, 2011",99.48,101.75,98.92,100.36,100.36,"302,863"
"Nov 29, 2011",97.75,100.15,97.23,99.79,99.79,"320,858"
"Nov 28, 2011",97.50,100.74,97.13,98.21,98.21,"311,735"
"Nov 25, 2011",95.79,97.55,94.99,96.77,96.77,"185,841"
"Nov 23, 2011",97.79,97.87,95.35,96.17,96.17,"283,449"
"Nov 22, 2011",97.20,98.70,96.55,98.01,98.01,"319,245"
"Nov 21, 2011",97.54,97.86,95.24,96.92,96.92,"279,104"
"Nov 18, 2011",98.61,100.15,96.64,97.41,97.41,"341,638"
"Nov 17, 2011",101.76,103.37,98.28,98.82,98.82,"194,039"
"Nov 16, 2011",99.32,102.89,98.39,102.59,102.59,"379,612"
"Nov 15, 2011",98.04,99.84,97.51,99.37,99.37,"353,319"
"Nov 14, 2011",99.30,99.69,97.19,98.14,98.14,"351,523"
"Nov 11, 2011",97.51,99.20,97.35,98.99,98.99,"282,786"
"Nov 10, 2011",95.75,98.35,95.20,97.78,97.78,"347,730"
"Nov 9, 2011",96.81,97.84,94.54,95.74,95.74,"445,712"
"Nov 8, 2011",95.87,97.08,95.23,96.80,96.80,"313,566"
"Nov 7, 2011",94.26,96.11,93.23,95.52,95.52,"321,186"
"Nov 4, 2011",94.24,94.93,92.87,94.26,94.26,"295,457"
"Nov 3, 2011",92.99,94.61,90.87,94.07,94.07,"299,987"
"Nov 2, 2011",91.60,93.79,90.97,92.51,92.51,"265,626"
"Nov 1, 2011",92.58,92.88,89.17,92.19,92.19,"351,343"
"Oct 31, 2011",93.53,93.80,91.36,93.19,93.19,"228,561"
"Oct 28, 2011",93.93,93.93,92.01,93.32,93.32,"276,760"
"Oct 27, 2011",90.98,94.25,90.74,93.96,93.96,"327,446"
"Oct 26, 2011",92.59,93.92,90.00,90.20,90.20,"411,445"
"Oct 25, 2011",91.69,94.65,91.10,93.17,93.17,"489,373"
"Oct 24, 2011",87.05,91.88,87.00,91.27,91.27,"484,139"
"Oct 21, 2011",86.50,88.89,85.95,87.40,87.40,"296,555"
"Oct 20, 2011",86.10,86.94,84.10,85.30,85.30,"389,241"
"Oct 19, 2011",88.26,89.51,85.87,86.11,86.11,"112,020"
"Oct 18, 2011",86.20,89.03,85.55,88.34,88.34,"203,765"
"Oct 17, 2011",87.48,88.18,85.88,86.38,86.38,"227,298"
"Oct 14, 2011",84.47,87.40,83.77,86.80,86.80,"274,846"
"Oct 13, 2011",84.93,85.39,83.17,84.23,84.23,"360,268"
"Oct 12, 2011",85.20,86.59,84.52,85.57,85.57,"294,230"
"Oct 11, 2011",85.70,86.64,83.97,85.81,85.81,"362,324"
"Oct 10, 2011",82.75,86.09,82.75,85.41,85.41,"264,825"
"Oct 7, 2011",82.57,84.00,81.36,82.98,82.98,"377,540"
"Oct 6, 2011",79.71,82.90,79.08,82.59,82.59,"386,089"
"Oct 5, 2011",78.25,79.82,76.94,79.68,79.68,"336,067"
"Oct 4, 2011",76.40,77.99,74.95,75.67,75.67,"428,113"
"Oct 3, 2011",78.92,79.64,76.65,77.61,77.61,"392,782"
"Sep 30, 2011",83.07,83.23,78.60,79.20,79.20,"367,957"
"Sep 29, 2011",80.67,83.98,79.64,82.14,82.14,"351,345"
"Sep 28, 2011",83.76,84.62,80.54,81.21,81.21,"282,850"
"Sep 27, 2011",81.48,84.77,80.92,84.45,84.45,"313,568"
"Sep 26, 2011",79.64,81.36,77.11,80.24,80.24,"325,671"
"Sep 23, 2011",80.40,81.81,77.55,79.85,79.85,"427,569"
"Sep 22, 2011",84.81,85.00,79.66,80.51,80.51,"459,998"
"Sep 21, 2011",86.51,87.99,84.92,85.92,85.92,"298,905"
"Sep 20, 2011",85.84,87.46,85.11,86.89,86.89,"264,593"
"Sep 19, 2011",87.75,87.75,84.79,85.70,85.70,"132,221"
"Sep 16, 2011",89.11,89.78,87.00,87.96,87.96,"210,962"
"Sep 15, 2011",88.60,90.15,88.01,89.40,89.40,"296,285"
"Sep 14, 2011",89.88,90.25,88.21,88.91,88.91,"330,978"
"Sep 13, 2011",88.95,90.52,87.81,90.21,90.21,"364,262"
"Sep 12, 2011",86.70,88.95,85.00,88.19,88.19,"355,070"
"Sep 9, 2011",88.77,89.50,85.64,87.24,87.24,"349,238"
"Sep 8, 2011",90.11,90.23,88.59,89.05,89.05,"336,725"
"Sep 7, 2011",86.50,90.48,86.15,89.34,89.34,"313,728"
"Sep 6, 2011",86.46,86.60,83.20,86.02,86.02,"316,166"
"Sep 2, 2011",88.78,88.99,85.42,86.45,86.45,"307,284"
"Sep 1, 2011",88.73,89.90,88.21,88.93,88.93,"282,342"
"Aug 31, 2011",88.79,89.54,87.67,88.81,88.81,"317,696"
"Aug 30, 2011",87.51,89.21,86.46,88.90,88.90,"315,383"
"Aug 29, 2011",85.33,87.62,85.11,87.27,87.27,"208,605"
"Aug 26, 2011",85.09,85.64,82.95,85.37,85.37,"283,261"
"Aug 25, 2011",85.17,86.56,83.01,85.30,85.30,"357,816"
"Aug 24, 2011",85.67,86.59,84.55,85.16,85.16,"294,928"
"Aug 23, 2011",84.45,86.39,83.40,85.44,85.44,"353,947"
"Aug 22, 2011",82.42,84.67,81.13,84.12,84.12,"374,045"
"Aug 19, 2011",81.30,83.55,79.17,82.26,82.26,"148,811"
"Aug 18, 2011",87.41,87.53,81.15,82.38,82.38,"331,275"
"Aug 17, 2011",87.10,89.00,86.65,87.58,87.58,"344,487"
"Aug 16, 2011",87.68,87.93,85.62,86.65,86.65,"375,339"
"Aug 15, 2011",85.59,88.05,84.40,87.88,87.88,"292,796"
"Aug 12, 2011",85.55,87.37,84.02,85.38,85.38,"350,091"
"Aug 11, 2011",81.95,85.97,81.03,85.72,85.72,"502,092"
"Aug 10, 2011",81.90,83.14,79.53,82.89,82.89,"520,144"
"Aug 9, 2011",81.10,83.05,75.71,79.30,79.30,"605,796"
"Aug 8, 2011",85.71,85.73,80.17,81.31,81.31,"521,066"
"Aug 5, 2011",86.50,88.32,82.87,86.88,86.88,"512,488"
"Aug 4, 2011",91.94,92.59,86.04,86.63,86.63,"535,941"
"Aug 3, 2011",93.15,93.75,91.22,91.93,91.93,"350,221"
"Aug 2, 2011",95.02,95.68,93.08,93.79,93.79,"328,175"
"Aug 1, 2011",96.20,98.60,93.42,94.89,94.89,"398,857"
"Jul 29, 2011",97.16,97.39,94.95,95.70,95.70,"284,385"
"Jul 28, 2011",97.27,98.01,96.51,97.44,97.44,"236,246"
"Jul 27, 2011",99.18,99.50,97.14,97.40,97.40,"304,524"
"Jul 26, 2011",99.15,100.62,97.76,99.59,99.59,"332,692"
"Jul 25, 2011",99.76,99.87,98.52,99.20,99.20,"205,209"
"Jul 22, 2011",99.20,100.19,98.43,99.87,99.87,"223,266"
"Jul 21, 2011",98.36,100.16,97.20,99.13,99.13,"293,973"
"Jul 20, 2011",98.11,99.02,96.64,98.14,98.14,"295,669"
"Jul 19, 2011",96.16,98.65,95.93,97.50,97.50,"138,045"
"Jul 18, 2011",97.37,97.69,94.69,95.93,95.93,"203,973"
"Jul 15, 2011",96.03,97.74,95.21,97.24,97.24,"266,461"
"Jul 14, 2011",97.59,98.88,94.53,95.69,95.69,"403,419"
"Jul 13, 2011",96.72,99.21,96.53,98.05,98.05,"355,098"
"Jul 12, 2011",95.09,97.50,93.55,97.43,97.43,"343,493"
"Jul 11, 2011",96.10,96.75,94.14,95.15,95.15,"311,449"
"Jul 8, 2011",98.79,99.18,95.60,96.20,96.20,"347,999"
"Jul 7, 2011",97.04,99.42,96.99,98.67,98.67,"339,270"
"Jul 6, 2011",97.00,97.79,95.90,96.65,96.65,"288,321"
"Jul 5, 2011",94.98,97.48,94.34,96.89,96.89,"275,650"
"Jul 1, 2011",95.12,95.39,93.45,94.94,94.94,"263,626"
"Jun 30, 2011",95.08,95.82,93.88,95.42,95.42,"276,580"
"Jun 29, 2011",93.37,95.84,92.66,94.77,94.77,"348,790"
"Jun 28, 2011",90.71,92.96,90.44,92.89,92.89,"279,024"
"Jun 27, 2011",91.16,91.30,89.61,90.61,90.61,"278,681"
"Jun 24, 2011",92.29,92.34,89.82,91.16,91.16,"337,767"
"Jun 23, 2011",94.40,94.47,89.69,91.02,91.02,"484,057"
"Jun 22, 2011",93.76,95.70,93.24,95.41,95.41,"296,275"
"Jun 21, 2011",93.49,94.74,92.50,93.40,93.40,"323,911"
"Jun 20, 2011",92.80,93.49,91.14,93.26,93.26,"136,837"
"Jun 17, 2011",95.10,95.40,91.84,93.01,93.01,"245,013"
"Jun 16, 2011",95.29,95.75,94.29,94.95,94.95,"336,011"
"Jun 15, 2011",99.68,99.95,94.01,94.81,94.81,"508,717"
"Jun 14, 2011",97.09,99.44,96.51,99.37,99.37,"347,721"
"Jun 13, 2011",98.77,99.32,96.13,97.30,97.30,"381,993"
"Jun 10, 2011",101.84,102.15,98.60,99.29,99.29,"379,238"
"Jun 9, 2011",100.83,102.44,100.74,101.93,101.93,"345,542"
"Jun 8, 2011",99.58,101.89,98.02,100.74,100.74,"484,275"
"Jun 7, 2011",98.82,99.70,97.74,99.09,99.09,"415,373"
"Jun 6, 2011",100.42,100.68,98.55,99.01,99.01,"289,670"
"Jun 3, 2011",100.87,100.87,98.12,100.22,100.22,"351,309"
"Jun 2, 2011",99.79,100.90,98.46,100.40,100.40,"389,637"
"Jun 1, 2011",102.68,103.31,99.86,100.29,100.29,"376,476"
"May 31, 2011",100.69,103.39,99.60,102.70,102.70,"319,037"
"May 27, 2011",100.16,101.24,100.04,100.59,100.59,"212,254"
"May 26, 2011",101.24,101.90,99.61,100.23,100.23,"332,135"
"May 25, 2011",99.27,101.63,98.20,101.32,101.32,"354,880"
"May 24, 2011",97.54,100.09,96.61,99.59,99.59,"339,530"
"May 23, 2011",99.68,100.04,96.37,97.70,97.70,"296,828"
"May 20, 2011",98.60,99.90,95.99,99.49,99.49,"394,911"
"May 19, 2011",99.76,100.79,98.16,98.44,98.44,"142,668"
"May 18, 2011",97.57,100.99,97.46,100.10,100.10,"285,299"
"May 17, 2011",96.98,97.81,95.02,96.91,96.91,"399,128"
"May 16, 2011",99.36,99.65,96.89,97.37,97.37,"335,318"
"May 13, 2011",98.81,100.70,97.09,99.65,99.65,"367,717"
"May 12, 2011",98.59,100.49,95.25,98.97,98.97,"522,503"
"May 11, 2011",103.69,104.60,97.50,98.21,98.21,"524,761"
"May 10, 2011",102.44,103.95,100.12,103.88,103.88,"439,607"
"May 9, 2011",98.11,103.40,97.42,102.55,102.55,"469,290"
"May 6, 2011",99.76,102.38,94.63,97.18,97.18,"606,528"
"May 5, 2011",108.78,109.38,98.25,99.80,99.80,"670,082"
"May 4, 2011",110.68,111.22,108.48,109.24,109.24,"333,018"
"May 3, 2011",112.98,113.22,110.30,111.05,111.05,"300,333"
"May 2, 2011",113.89,114.83,110.82,113.52,113.52,"310,994"
"Apr 29, 2011",112.82,114.18,112.25,113.93,113.93,"201,831"
"Apr 28, 2011",113.13,113.97,111.69,112.86,112.86,"301,604"
"Apr 27, 2011",111.89,113.40,110.71,112.76,112.76,"338,697"
"Apr 26, 2011",112.15,112.64,111.12,112.21,112.21,"234,441"
"Apr 25, 2011",112.34,113.48,111.08,112.28,112.28,"209,683"
"Apr 21, 2011",111.37,112.48,111.00,112.29,112.29,"240,462"
"Apr 20, 2011",108.45,111.66,107.96,111.45,111.45,"291,546"
"Apr 19, 2011",107.52,108.45,105.50,108.15,108.15,"324,778"
"Apr 18, 2011",109.43,109.44,106.54,107.12,107.12,"138,178"
"Apr 15, 2011",108.45,110.10,107.21,109.66,109.66,"224,394"
"Apr 14, 2011",107.32,108.55,105.77,108.11,108.11,"352,072"
"Apr 13, 2011",106.02,107.43,105.31,107.11,107.11,"456,863"
"Apr 12, 2011",108.97,110.24,105.47,106.25,106.25,"555,625"
"Apr 11, 2011",113.28,113.46,108.88,109.92,109.92,"364,348"
"Apr 8, 2011",110.32,113.18,110.11,112.79,112.79,"319,475"
"Apr 7, 2011",108.67,110.44,108.23,110.30,110.30,"334,906"
"Apr 6, 2011",107.99,109.15,107.72,108.83,108.83,"255,598"
"Apr 5, 2011",108.20,108.60,107.50,108.34,108.34,"249,358"
"Apr 4, 2011",108.29,108.78,107.58,108.47,108.47,"228,494"
"Apr 1, 2011",106.62,108.23,106.30,107.94,107.94,"283,710"
"Mar 31, 2011",104.31,106.83,104.12,106.72,106.72,"270,630"
"Mar 30, 2011",104.45,105.15,103.44,104.27,104.27,"256,895"
"Mar 29, 2011",103.94,105.00,102.70,104.79,104.79,"246,824"
"Mar 28, 2011",105.43,105.76,103.60,103.98,103.98,"223,079"
"Mar 25, 2011",105.46,105.95,104.50,105.40,105.40,"235,658"
"Mar 24, 2011",105.52,106.69,104.76,105.60,105.60,"258,015"
"Mar 23, 2011",104.85,106.34,104.38,105.75,105.75,"254,571"
"Mar 22, 2011",102.10,104.54,101.43,104.00,104.00,"303,365"
"Mar 21, 2011",102.12,103.35,101.66,102.33,102.33,"103,960"
"Mar 18, 2011",101.78,103.66,100.14,101.07,101.07,"217,675"
"Mar 17, 2011",98.10,101.99,96.60,101.42,101.42,"261,573"
"Mar 16, 2011",97.40,99.60,96.22,97.98,97.98,"357,944"
"Mar 15, 2011",101.86,101.87,96.71,97.18,97.18,"388,736"
"Mar 14, 2011",100.31,101.60,98.47,101.19,101.19,"289,434"
"Mar 11, 2011",102.64,103.00,99.01,101.16,101.16,"342,531"
"Mar 10, 2011",104.45,105.06,100.62,102.70,102.70,"432,988"
"Mar 9, 2011",104.96,105.92,103.90,104.38,104.38,"353,948"
"Mar 8, 2011",104.85,105.79,103.33,105.02,105.02,"420,036"
"Mar 7, 2011",104.65,106.95,104.25,105.44,105.44,"404,435"
"Mar 4, 2011",101.70,105.17,101.54,104.42,104.42,"369,148"
"Mar 3, 2011",102.39,102.94,100.15,101.91,101.91,"382,555"
"Mar 2, 2011",100.48,102.43,99.21,102.23,102.23,"446,378"
"Mar 1, 2011",96.97,100.68,96.37,99.63,99.63,"322,429"
"Feb 28, 2011",98.50,99.96,96.71,96.97,96.97,"262,001"
"Feb 25, 2011",96.63,99.20,96.17,97.88,97.88,"307,903"
"Feb 24, 2011",98.97,103.41,95.62,97.28,97.28,"507,456"
"Feb 23, 2011",95.68,100.00,95.14,98.10,98.10,"489,667"
"Feb 22, 2011",86.38,94.49,86.25,93.57,93.57,"638,193"
"Feb 18, 2011",86.40,87.88,85.65,86.20,86.20,"155,296"
"Feb 17, 2011",85.25,86.63,84.38,86.36,86.36,"176,128"
"Feb 16, 2011",84.44,85.95,84.12,84.99,84.99,"297,660"
"Feb 15, 2011",84.84,85.97,83.85,84.32,84.32,"284,165"
"Feb 14, 2011",85.50,86.52,84.58,84.81,84.81,"319,329"
"Feb 11, 2011",87.70,87.77,85.10,85.58,85.58,"383,391"
"Feb 10, 2011",86.93,87.90,85.96,86.73,86.73,"419,188"
"Feb 9, 2011",87.35,87.95,86.36,86.71,86.71,"367,209"
"Feb 8, 2011",87.41,88.11,85.88,86.94,86.94,"414,877"
"Feb 7, 2011",89.06,89.54,87.18,87.48,87.48,"324,984"
"Feb 4, 2011",90.63,91.67,88.45,89.03,89.03,"359,925"
"Feb 3, 2011",90.93,92.05,90.00,90.54,90.54,"290,494"
"Feb 2, 2011",90.51,91.78,90.10,90.86,90.86,"312,107"
"Feb 1, 2011",92.20,92.45,90.44,90.77,90.77,"392,882"
"Jan 31, 2011",89.97,92.84,88.40,92.19,92.19,"436,801"
