Series Name,Series Code,Country Name,Country Code,1990 [YR1990],2000 [YR2000],2015 [YR2015],2016 [YR2016],2017 [YR2017],2018 [YR2018],2019 [YR2019],2020 [YR2020],2021 [YR2021],2022 [YR2022],2023 [YR2023],2024 [YR2024]
Households and NPISHs Final consumption expenditure (current US$),NE.CON.PRVT.CD,Afghanistan,AFG,..,..,..,..,..,..,..,18419990527.0292,12617004786.8703,14150977069.9198,16781810326.3078,..
Households and NPISHs Final consumption expenditure (current US$),NE.CON.PRVT.CD,Albania,ALB,1271486850,2879464404.75529,9188593701.2885,9602953219.08291,10364747648.3988,11453757185.9689,11773979072.4959,11363042882.8201,12927979166.9772,13570171567.9491,16531612533.4229,..
Households and NPISHs Final consumption expenditure (current US$),NE.CON.PRVT.CD,Algeria,DZA,35266505182.0216,22776943098.6469,74705541235.0721,74337682806.349,79857872116.7867,81186389409.1377,82801452806.2917,76776334471.2913,78913407233.8825,85650981663.2596,101009060221.042,..
Households and NPISHs Final consumption expenditure (current US$),NE.CON.PRVT.CD,American Samoa,ASM,..,..,460000000,463000000,471000000,487000000,509000000,533000000,602000000,621000000,..,..
Households and NPISHs Final consumption expenditure (current US$),NE.CON.PRVT.CD,Andorra,AND,..,..,..,..,..,..,..,..,..,..,..,..
Households and NPISHs Final consumption expenditure (current US$),NE.CON.PRVT.CD,Angola,AGO,..,..,47731428885.5136,29560117545.1335,42137871385.7547,44779572358.9687,35404254103.241,26275532256.0776,29829632472.2533,48603826455.4777,47807190380.8604,..
Households and NPISHs Final consumption expenditure (current US$),NE.CON.PRVT.CD,Antigua and Barbuda,ATG,..,..,..,..,..,..,..,..,..,..,..,..
Households and NPISHs Final consumption expenditure (current US$),NE.CON.PRVT.CD,Argentina,ARG,109038532439.115,197044177500,391974496653.948,366420786669.083,429554843450.409,364593335904.847,296089364842.806,253449670108.806,306307486891.723,413936329501.25,426081354837.618,..
Households and NPISHs Final consumption expenditure (current US$),NE.CON.PRVT.CD,Armenia,ARM,1097254620.49166,1952969829.07219,8222722298.85515,8047087721.00397,9225424401.06146,9941547464.7445,11363862739.8801,9522534232.86141,9887790062.92554,13055651295.7055,15744497808.8055,..
Households and NPISHs Final consumption expenditure (current US$),NE.CON.PRVT.CD,Aruba,ABW,..,925245810.055866,1639472067.03911,1627165921.78771,1704983240.22346,1809608938.54749,1831603351.95531,1623675364.3105,1784490075.65041,1823915938.12077,1900440846.83542,..
Households and NPISHs Final consumption expenditure (current US$),NE.CON.PRVT.CD,Australia,AUS,170299181308.69,238739728849.154,757660797500.023,687834481513.618,736570561914.523,789361454748.396,753541137269.178,694609220975.887,791275117194.293,827032208115.99,869883159014.12,..
Households and NPISHs Final consumption expenditure (current US$),NE.CON.PRVT.CD,Austria,AUT,93081889144.3786,106273427533.083,201233218392.711,206871945361.693,219100218184.565,236293727669.953,229217085285.804,216543272159.098,238651825859.841,241154519607.044,267094911476.828,..
Households and NPISHs Final consumption expenditure (current US$),NE.CON.PRVT.CD,Azerbaijan,AZE,4672727272.72727,3396172014.60387,30088993952.5496,22231127978.4323,23533615508.1907,25506980224.3154,27703411764.7059,25994000000,28708411764.7059,34173058823.5294,38501705882.3529,..
Households and NPISHs Final consumption expenditure (current US$),NE.CON.PRVT.CD,"Bahamas, The",BHS,1989060000,4627100000,7536700000,7652200000,8245400000,8434000000,7976800000,6520500000,8047800000,8674600000,9672300000,..
Households and NPISHs Final consumption expenditure (current US$),NE.CON.PRVT.CD,Bahrain,BHR,1624468085.10638,4047845744.68085,14128297872.3404,14490851063.8298,14883909574.4681,15404494680.8511,15616755319.1489,14586250000,15498936170.2128,17160053191.4894,17999335106.383,..
Households and NPISHs Final consumption expenditure (current US$),NE.CON.PRVT.CD,Bangladesh,BGD,25291457429.0907,40031663685.1521,141358914056.472,177340893036.799,196542010320.222,217207965277.285,234894700483.893,250383687973.973,286292630441.326,317843355095.822,299958946776.123,..
Households and NPISHs Final consumption expenditure (current US$),NE.CON.PRVT.CD,Barbados,BRB,..,..,..,..,..,..,..,..,..,..,..,..
Households and NPISHs Final consumption expenditure (current US$),NE.CON.PRVT.CD,Belarus,BLR,8232931726.90763,7248577643.90897,29851833386.8099,26014255391.7619,29801142861.8743,32148479982.4107,34757907488.4919,32057632989.3527,35444080081.1447,39418719774.5707,39337290305.4184,..
Households and NPISHs Final consumption expenditure (current US$),NE.CON.PRVT.CD,Belgium,BEL,111243394495.413,123871312985.569,237358203642.695,244179948744.514,258783748926.118,281309859485.098,275017720505.098,259818204392.997,293116165565.887,295771350565.176,324705401330.986,..
Households and NPISHs Final consumption expenditure (current US$),NE.CON.PRVT.CD,Belize,BLZ,197000000,722000000,1346000000,1365500000,1372000000,1417500000,1476000000,1284500000,1522000000,1821500000,1927571850,..
Households and NPISHs Final consumption expenditure (current US$),NE.CON.PRVT.CD,Benin,BEN,1484237576.4728,2888101218.55334,8560727091.95439,8655442793.01962,9224704686.37711,10047825820.5023,9850881042.10613,10651672687.9239,11903774950.9637,10622629329.8856,11606565835.2967,..
Households and NPISHs Final consumption expenditure (current US$),NE.CON.PRVT.CD,Bermuda,BMU,..,..,3237728000,3368443000,3512954000,3524565000,3576303000,3288352000,3428400000,3693643000,3900100000,..
Households and NPISHs Final consumption expenditure (current US$),NE.CON.PRVT.CD,Bhutan,BTN,186199667.209415,184483842.978016,1115829744.33623,1122982608.25492,1232001883.41545,1261955343.78527,1313275972.12026,1334802409.06771,1443214889.5866,1674519939.51291,..,..
Households and NPISHs Final consumption expenditure (current US$),NE.CON.PRVT.CD,Bolivia,BOL,3741315982.53826,6413064906.81231,22578642598.8019,23388629610.2757,25376260924.9605,26996904866.3629,27990672551.2061,25436246724.1569,27170272041.5815,29408978217.5178,30913430928.2226,..
Households and NPISHs Final consumption expenditure (current US$),NE.CON.PRVT.CD,Bosnia and Herzegovina,BIH,..,5616113544.93466,13009603672.713,13237376133.8899,13836574460.6429,15026243448.1905,14816692481.0799,14548786525.0994,16125127751.1088,16549505573.525,18853890359.4566,..
Households and NPISHs Final consumption expenditure (current US$),NE.CON.PRVT.CD,Botswana,BWA,1259738151.62438,1928789838.8804,6223841000.1706,6138416267.336,6770932001.67733,7403305831.63194,7401705497.10219,7262241509.91224,8119771001.99166,8246331837.31205,8329500671.15478,..
Households and NPISHs Final consumption expenditure (current US$),NE.CON.PRVT.CD,Brazil,BRA,275750164544.787,423371712337.715,1152781384584.59,1153759631662.93,1330849670848.65,1238647444664.15,1220335756226.88,932073163492.48,1025242839640.58,1230963321514.26,1376551743920.17,..
Households and NPISHs Final consumption expenditure (current US$),NE.CON.PRVT.CD,British Virgin Islands,VGB,..,..,..,..,..,..,..,..,..,..,..,..
Households and NPISHs Final consumption expenditure (current US$),NE.CON.PRVT.CD,Brunei Darussalam,BRN,932396817.051055,1048371936.36387,2558336251.05685,2411198674.33299,2483314168.46901,2649961349.17134,2757562545.89089,2855170897.85158,3480874457.2204,3879335883.25374,4169905333.87431,..
Households and NPISHs Final consumption expenditure (current US$),NE.CON.PRVT.CD,Bulgaria,BGR,12345000000,8805501877.99508,31541412525.5276,32665834512.4229,35735197250.6209,39625773202.1013,40627618911.3388,41040216083.6302,48907247384.6526,52500543770.8625,59117199697.475,..
Households and NPISHs Final consumption expenditure (current US$),NE.CON.PRVT.CD,Burkina Faso,BFA,2280041495.48711,2634535890.88595,8462728354.20114,8824040588.95055,9389991591.41782,10214023184.9314,9881903346.30218,10677615415.6146,12029338142.5653,12042274484.6416,13125394816.0125,..
Households and NPISHs Final consumption expenditure (current US$),NE.CON.PRVT.CD,Burundi,BDI,1070392105.33999,803266672.81835,2340974554.61835,2051171892.38751,2077956387.81166,2078126642.56355,1991871963.00827,1984197695.62711,2079988960.38685,2471015149.22128,1996781703.71083,..
Households and NPISHs Final consumption expenditure (current US$),NE.CON.PRVT.CD,Cabo Verde,CPV,..,..,1080846595.48687,1184702064.18749,1375026220.67765,1510939797.50258,1507745862.58016,1331846425.14375,1547459996.96138,1693817528.28179,1929143508.94529,..
Households and NPISHs Final consumption expenditure (current US$),NE.CON.PRVT.CD,Cambodia,KHM,..,3265153087.70109,17948576865.3678,19599257060.727,21062185689.2521,23459024343.5293,24478343152.1963,22401742182.0112,23107806075.4289,24003768085.3782,25539852954.0739,..
Households and NPISHs Final consumption expenditure (current US$),NE.CON.PRVT.CD,Cameroon,CMR,8197534692.95486,7420895433.56396,23532186345.5415,23939290551.6091,25763988793.7237,28630968996.9322,28817568699.1161,29896904807.4753,33103128154.2721,32386189693.9059,36411641035.5116,..
Households and NPISHs Final consumption expenditure (current US$),NE.CON.PRVT.CD,Canada,CAN,332858244772.026,406159181199.919,899801700032.213,893637182491.538,956182082022.399,998740190327.769,1007080708725.47,940822790821.974,1088407480578.97,1162647188857.77,1181871092447.94,..
Households and NPISHs Final consumption expenditure (current US$),NE.CON.PRVT.CD,Cayman Islands,CYM,..,..,..,..,..,..,..,..,..,..,..,..
Households and NPISHs Final consumption expenditure (current US$),NE.CON.PRVT.CD,Central African Republic,CAF,1162945095.9336,711037967.826149,1397827551.10505,1533296305.33454,1719132688.97675,2081060347.1343,2134422257.22424,2121975510.67976,2336326940.43481,2319836614.45291,2488154868.73062,..
Households and NPISHs Final consumption expenditure (current US$),NE.CON.PRVT.CD,Chad,TCD,1697349639.27836,1205207405.8864,8028843909.81722,7611262908.46907,8016681111.51726,8693775845.44792,8608991106.29962,9644670738.65008,9639330051.48904,8932881997.61401,9809878506.30533,..
Households and NPISHs Final consumption expenditure (current US$),NE.CON.PRVT.CD,Channel Islands,CHI,..,..,..,..,..,..,..,..,..,..,..,..
Households and NPISHs Final consumption expenditure (current US$),NE.CON.PRVT.CD,Chile,CHL,20500087873.9049,48666794887.7996,149774667012.101,154992984238.265,171431102657.801,183607454989.215,171616874709.613,148455922682.833,195916555307.971,192429610829.637,203457817506.994,..
Households and NPISHs Final consumption expenditure (current US$),NE.CON.PRVT.CD,China,CHN,180402259323.136,566083849243.776,4178288229541.63,4344482057582.25,4744801432911.83,5352579803163.78,5604610911595.11,5610764153057.19,6792012462740.2,6686322357501.49,6962835998550.54,..
Households and NPISHs Final consumption expenditure (current US$),NE.CON.PRVT.CD,Colombia,COL,30617001154.7804,69381545106.6304,200968956292.901,195245568700.485,213667218936.212,227650335361.562,221821391058.035,191201261950.261,231573305940.333,255084697126.319,277938628580.279,..
Households and NPISHs Final consumption expenditure (current US$),NE.CON.PRVT.CD,Comoros,COM,382351617.518684,312501887.357942,901330835.869592,938002137.637526,992370565.447223,1094648560.95437,1122021368.30097,1225331729.4239,1256953114.75233,1239697651.75801,1353200539.55237,..
Households and NPISHs Final consumption expenditure (current US$),NE.CON.PRVT.CD,"Congo, Dem. Rep.",COD,..,16725727465.2174,28930444280.7252,30886660467.6602,27885546699.2465,37052838163.4499,39337277428.2455,33665337699.9546,35369580476.937,40732645284.2053,41636141341.2569,..
Households and NPISHs Final consumption expenditure (current US$),NE.CON.PRVT.CD,"Congo, Rep.",COG,890150069.644702,758708716.531355,4913985988.14599,4978935273.84144,4107810681.61181,4894727405.031,5595846343.99081,5351130801.03468,6378848203.48306,5966348890.50006,6757854311.06645,..
Households and NPISHs Final consumption expenditure (current US$),NE.CON.PRVT.CD,Costa Rica,CRI,3508229189.42539,9946494019.27382,36658055560.4973,37697792400.0488,39410189675.4487,40512388656.6303,41417084055.0353,38971739539.0027,41130757470.9635,44540220101.8334,55800382379.3829,..
Households and NPISHs Final consumption expenditure (current US$),NE.CON.PRVT.CD,Cote d'Ivoire,CIV,7765800476.55667,..,29902994240.1444,31282187564.1526,34962135547.378,39999513328.4296,40167915396.3948,42160085181.3623,48760410414.0858,47442619930.1708,51214975007.7382,..
Households and NPISHs Final consumption expenditure (current US$),NE.CON.PRVT.CD,Croatia,HRV,..,13770699534.5057,29505466505.8632,30032363209.3015,31898260714.3543,34965077119.3046,34881319464.9686,33938643271.3537,39944456389.7138,42034524697.052,48327705817.2841,..
Households and NPISHs Final consumption expenditure (current US$),NE.CON.PRVT.CD,Cuba,CUB,15440258909.5745,18558100000,48554000000,51029000000,54221000000,55987000000,56540000000,54345000000,..,..,..,..
Households and NPISHs Final consumption expenditure (current US$),NE.CON.PRVT.CD,Curacao,CUW,..,..,2117765363.12849,2067486033.51955,2230614525.13966,2230837988.82682,..,..,..,..,..,..
Households and NPISHs Final consumption expenditure (current US$),NE.CON.PRVT.CD,Cyprus,CYP,3423109987.1959,6181605089.53817,13400901590.5984,13788104327.8826,14897898342.3068,16726431995.3518,16625139374.6166,15723040161.9178,17276696227.2943,17933642157.317,20222602828.5974,..
Households and NPISHs Final consumption expenditure (current US$),NE.CON.PRVT.CD,Czechia,CZE,20067230267.9218,31156352424.5054,88675644087.6061,93005390771.245,103517474939.041,118173715959.948,118232707213.64,111505864865.738,127857075859.736,135601489917.37,150986143698.593,..
Households and NPISHs Final consumption expenditure (current US$),NE.CON.PRVT.CD,Denmark,DNK,68762661506.6412,77259806881.0234,142593719868.02,146140473859.109,153969636235.144,167646673657.528,162678556202.822,164152473755.66,183849474923.135,173059929435.623,185087979214.383,..
Households and NPISHs Final consumption expenditure (current US$),NE.CON.PRVT.CD,Djibouti,DJI,..,..,1492710484.41096,1599214499.13066,1723026541.60172,1836120428.08672,2020451169.52977,2260007575.91956,2563378344.14616,2516508622.50381,2482447899.798,..
Households and NPISHs Final consumption expenditure (current US$),NE.CON.PRVT.CD,Dominica,DMA,..,..,424411111.111111,450792592.592593,415366666.666667,486707407.407407,..,..,..,..,..,..
Households and NPISHs Final consumption expenditure (current US$),NE.CON.PRVT.CD,Dominican Republic,DOM,5779284464.24173,17425234487.5227,50467975896.9925,53365971305.3304,55558856698.9797,58432257495.9766,60301325659.1918,54948899202.7586,62589187173.6793,74350409673.3828,78587406783.7657,..
Households and NPISHs Final consumption expenditure (current US$),NE.CON.PRVT.CD,Ecuador,ECU,9553833286.14406,11156550275.1376,62465713000,62041043000,65677273000,67523021000,68594786000,60888655000,68565039000,75026158000,76474970000,..
Households and NPISHs Final consumption expenditure (current US$),NE.CON.PRVT.CD,"Egypt, Arab Rep.",EGY,30910722296.9942,75737560546.015,271495956873.315,276220858895.706,213790760869.565,218711311198.649,256526195899.772,321048034934.498,365239005736.138,393422492401.216,327002563484.645,..
Households and NPISHs Final consumption expenditure (current US$),NE.CON.PRVT.CD,El Salvador,SLV,4284142505,9934781900,19939740000,20228380000,20841390000,21671130000,21976230000,20060930000,23693520000,26763190000,27681780000,..
Households and NPISHs Final consumption expenditure (current US$),NE.CON.PRVT.CD,Equatorial Guinea,GNQ,..,..,5134187990.98255,5367384175.05545,5731427388.03949,6337287688.67224,6394020451.70296,6016784581.1331,6471476098.59455,6348140147.0019,6498836448.73487,..
Households and NPISHs Final consumption expenditure (current US$),NE.CON.PRVT.CD,Eritrea,ERI,..,506797028.571429,..,..,..,..,..,..,..,..,..,..
Households and NPISHs Final consumption expenditure (current US$),NE.CON.PRVT.CD,Estonia,EST,..,3093478300.93062,11764721045.2551,12389284281.7296,13522397780.1518,15347374218.3757,15632197642.6902,15592619365.1642,18360163939.6005,19507276369.6324,21582335895.1102,..
Households and NPISHs Final consumption expenditure (current US$),NE.CON.PRVT.CD,Eswatini,SWZ,..,..,..,..,..,..,..,..,..,..,..,..
Households and NPISHs Final consumption expenditure (current US$),NE.CON.PRVT.CD,Ethiopia,ETH,..,..,46016302447.6699,49382721313.8491,54402772164.8847,55334699415.0929,65874996591.4189,75406995884.7737,80353907714.3529,98126671750.4655,129173373237.032,..
Households and NPISHs Final consumption expenditure (current US$),NE.CON.PRVT.CD,Faroe Islands,FRO,..,548821102.283963,1208518488.73654,1284486367.37308,1295810790.81548,1374999821.84198,1367354744.70372,1425050961.82418,1551570649.35846,1482514790.52457,1585307909.01067,..
Households and NPISHs Final consumption expenditure (current US$),NE.CON.PRVT.CD,Fiji,FJI,976112965.153811,1131067801.98485,2853723478.58509,3146600156.24527,3441571383.78134,3700343672.40305,3789283529.7345,3383249817.60967,3524980416.89439,4094127989.38249,..,..
Households and NPISHs Final consumption expenditure (current US$),NE.CON.PRVT.CD,Finland,FIN,70797698647.1777,60238010447.059,127753752278.125,130814916778.6,135901775210.588,146362778127.059,141144465670.588,139066945049.028,151983312585.269,146332691803.503,157497588274.513,..
Households and NPISHs Final consumption expenditure (current US$),NE.CON.PRVT.CD,France,FRA,700662570774.605,735497610323.139,1318289931253.91,1341911926533.86,1400976370362.36,1503816844193.72,1462924811513.72,1408333513315.18,1555883050503.85,1483819244533.08,1628357033613.75,..
Households and NPISHs Final consumption expenditure (current US$),NE.CON.PRVT.CD,French Polynesia,PYF,..,..,3480081314.89565,3564718950.60884,3764502630.51125,3979947038.80939,3973085986.58093,3900273408.78395,4364581945.8587,4156004677.25015,..,..
Households and NPISHs Final consumption expenditure (current US$),NE.CON.PRVT.CD,Gabon,GAB,2960720723.09255,1634667643.27824,5442339301.95339,5671152360.24215,5967277898.5175,6513218333.09809,6357215782.35636,6429020661.99473,6649439900.86752,6146854786.31137,6685090126.23857,..
Households and NPISHs Final consumption expenditure (current US$),NE.CON.PRVT.CD,"Gambia, The",GMB,239681675.016297,703653923.226557,1125435952.79071,1172567019.84261,1294574839.75864,1478523130.84743,1567081164.86722,1590021309.99273,1830610456.7738,2018443312.94091,2058690458.14618,..
Households and NPISHs Final consumption expenditure (current US$),NE.CON.PRVT.CD,Georgia,GEO,5220691257.66974,2767410068.30256,11456738649.353,10940857176.0555,11830102066.4328,12396162556.7173,12150966231.5551,12788257902.6916,15355279393.9582,18274142137.0276,21996831218.44,..
Households and NPISHs Final consumption expenditure (current US$),NE.CON.PRVT.CD,Germany,DEU,998271137876.77,1096699387930.98,1778514768772.26,1830503388154.09,1923242664100,2070673827945.1,2020128695600,1951631656694.17,2111770996240.28,2084296010309.35,2259530294590.24,..
Households and NPISHs Final consumption expenditure (current US$),NE.CON.PRVT.CD,Ghana,GHA,5018509320.57886,4199232546.48856,36297473726.9433,40521836469.5841,46072832777.0413,48613109299.777,52097535308.5186,54260694696.7211,61675372926.6066,58380771976.6936,64340921860.6063,..
Households and NPISHs Final consumption expenditure (current US$),NE.CON.PRVT.CD,Gibraltar,GIB,..,..,..,..,..,..,..,..,..,..,..,..
Households and NPISHs Final consumption expenditure (current US$),NE.CON.PRVT.CD,Greece,GRC,65181055460.0172,87267401464.7484,133645720627.629,131330632901,137882249782.451,146820102760.98,141724340032.972,132323628243.678,146420030968.471,148981693570.399,162899569574.124,..
Households and NPISHs Final consumption expenditure (current US$),NE.CON.PRVT.CD,Greenland,GRL,..,..,992463183.572543,1014287883.12285,1049267343.87487,1099591281.75429,1050341954.88771,1087730765.0449,1159339747.8302,..,..,..
Households and NPISHs Final consumption expenditure (current US$),NE.CON.PRVT.CD,Grenada,GRD,..,..,..,..,..,..,..,..,..,..,..,..
Households and NPISHs Final consumption expenditure (current US$),NE.CON.PRVT.CD,Guam,GUM,..,..,3287000000,3384000000,3549000000,3604000000,3636000000,3567000000,3828000000,4140000000,..,..
Households and NPISHs Final consumption expenditure (current US$),NE.CON.PRVT.CD,Guatemala,GTM,6397677159.57927,16186790313.0671,52433656855.1951,55857557108.6971,60841488068.9674,62888127498.1996,65485302099.6796,64880894731.0484,74358032710.539,84613262088.8036,91284188457.6098,..
Households and NPISHs Final consumption expenditure (current US$),NE.CON.PRVT.CD,Guinea,GIN,1783699721.39172,2302743837.2791,7543994455.79384,7181323751.14049,7679963002.33722,8719743236.01285,9840219193.52677,10270093984.0529,11811822138.6341,14373938515.1391,16190729938.124,..
Households and NPISHs Final consumption expenditure (current US$),NE.CON.PRVT.CD,Guinea-Bissau,GNB,550991946.442863,355465780.272417,854032492.435561,913815168.626102,1030891314.01641,1063788715.88736,1143755596.21031,1142755373.28257,1351999147.74778,1401199850.83807,1513532450.30765,..
Households and NPISHs Final consumption expenditure (current US$),NE.CON.PRVT.CD,Guyana,GUY,287139243.037975,471505079.756619,..,..,..,..,..,..,..,..,..,..
Households and NPISHs Final consumption expenditure (current US$),NE.CON.PRVT.CD,Haiti,HTI,..,6618284739.95758,14265686251.21,13542011460.1174,14355481019.888,16238542108.2354,14506144112.7705,14087009412.0614,20383091230.6867,20108891472.3629,19885267982.6308,..
Households and NPISHs Final consumption expenditure (current US$),NE.CON.PRVT.CD,Honduras,HND,2037694552.52918,5084603916.61402,16260945743.1987,16700061283.0697,17885775007.2338,19400342086.4765,20447045007.4564,18897353705.3572,23848629211.6866,27409105347.8426,29719457400.5553,..
Households and NPISHs Final consumption expenditure (current US$),NE.CON.PRVT.CD,"Hong Kong SAR, China",HKG,44199364549.5683,100668231087.846,205513722707.776,212580244130.246,228965636708.926,247040505198.699,251881177403.997,228845717526.943,239735503167.916,237953744513.924,268717759298.292,..
Households and NPISHs Final consumption expenditure (current US$),NE.CON.PRVT.CD,Hungary,HUN,..,25700331562.3547,61387096023.5562,64413950294.2326,71689647759.0187,79075560517.3721,80719717195.3485,77817803222.9785,87902568937.98,88199840309.5401,105153862347.949,..
Households and NPISHs Final consumption expenditure (current US$),NE.CON.PRVT.CD,Iceland,ISL,3809322024.30178,5345926872.39239,8703212634.89903,10245066600.1865,12387823350.945,13205731364.1926,12383921372.3212,11238665592.7614,13284800417.0012,14428626825.7356,15507911562.8329,..
Households and NPISHs Final consumption expenditure (current US$),NE.CON.PRVT.CD,India,IND,215297110744.63,298550533197.194,1241270296331.75,1360706267075.67,1557082229430.68,1602521651332.49,1727204283214.7,1634284260295.02,1930463468899.9,2043532899835.68,2152745804483.64,..
Households and NPISHs Final consumption expenditure (current US$),NE.CON.PRVT.CD,Indonesia,IDN,67388496928.1037,101736066245.604,494560910769.14,538874867130.146,581701454955.115,593885231681.239,648299754564.404,624142240226.119,660041259470.87,699719506195.779,746235048503.007,..
Households and NPISHs Final consumption expenditure (current US$),NE.CON.PRVT.CD,"Iran, Islamic Rep.",IRN,84717671416.2289,54496851434.3047,218596709099.287,234287683239.848,239282426080.371,191555026704.163,163679748584.277,121311920632.036,165430240199.752,178569489599.293,203506596796.052,..
Households and NPISHs Final consumption expenditure (current US$),NE.CON.PRVT.CD,Iraq,IRQ,81596774193.5484,6548747688.39575,92858245229.2571,94765439796.7824,96333091722.973,98991424984.1471,100386955329.949,94600408165.9163,84596831200.6897,91168585241.3793,..,..
Households and NPISHs Final consumption expenditure (current US$),NE.CON.PRVT.CD,Ireland,IRL,28184570795.8838,47020843328.4989,96196073513.8597,101054389829.643,107351888473.655,118651641583.011,117318361672.4,107549066830.282,125508849936.273,130718143461.903,147584117428.65,..
Households and NPISHs Final consumption expenditure (current US$),NE.CON.PRVT.CD,Isle of Man,IMN,..,..,..,..,..,..,..,..,..,..,..,..
Households and NPISHs Final consumption expenditure (current US$),NE.CON.PRVT.CD,Israel,ISR,33419488641.9998,69856339244.1076,160487784914.884,170998726490.014,189208752828.98,197949645676.33,208829581769.863,199470793835.5,240066941895.145,258337652556.596,245632154266.739,..
Households and NPISHs Final consumption expenditure (current US$),NE.CON.PRVT.CD,Italy,ITA,681984499030.381,694307446197.021,1116099181046.33,1128574836815.84,1182032296710,1259094726854.12,1203076418406.27,1100978249063.82,1221669852561.61,1228075009837.36,1342801449857.47,..
Households and NPISHs Final consumption expenditure (current US$),NE.CON.PRVT.CD,Jamaica,JAM,2980014643.6016,6709836061.76007,11508116589.9282,10937939519.9821,11594610355.9257,11971249657.527,12061019209.6787,..,..,..,..,..
Households and NPISHs Final consumption expenditure (current US$),NE.CON.PRVT.CD,Japan,JPN,1607754545297.58,2666457261368.43,2478973235600.48,2737086702090.04,2692912469722.29,2761125896024.88,2792100108597.71,2732699054563.74,2695365336429.29,2365527747770.91,..,..
Households and NPISHs Final consumption expenditure (current US$),NE.CON.PRVT.CD,Jordan,JOR,3117315944.26498,6820592383.63893,30719718309.8592,31622535211.2676,32867605633.8028,33223943661.9718,33240845070.4225,34878873239.4366,36507042253.5211,..,..,..
Households and NPISHs Final consumption expenditure (current US$),NE.CON.PRVT.CD,Kazakhstan,KAZ,..,11320286142.8712,99049420535.7148,74877521919.5698,87719804486.6258,93432651602.3882,94973526541.6404,90680317623.2022,101789326555.649,111478913433.225,134700731752.765,..
Households and NPISHs Final consumption expenditure (current US$),NE.CON.PRVT.CD,Kenya,KEN,5348266805.41853,9947116621.76293,52952688101.5328,57164247777.3543,63917075528.6203,71091178701.7248,77715659624.2162,76941963224.6941,82822041208.1252,86623962405.3042,83134956138.7301,..
Households and NPISHs Final consumption expenditure (current US$),NE.CON.PRVT.CD,Kiribati,KIR,..,..,172228318.485013,184157365.284266,204029720.215953,199661444.592406,196428147.947967,196645995.203439,271795969.521646,273193230.485873,..,..
Households and NPISHs Final consumption expenditure (current US$),NE.CON.PRVT.CD,"Korea, Dem. People's Rep.",PRK,..,..,..,..,..,..,..,..,..,..,..,..
Households and NPISHs Final consumption expenditure (current US$),NE.CON.PRVT.CD,"Korea, Rep.",KOR,142332008315.764,314018342864.343,711623520881.735,719183471280.855,771698304722.685,828582538610.405,803130198243.886,762811986927.013,835715004400.972,804832151849.132,838027744535.82,..
Households and NPISHs Final consumption expenditure (current US$),NE.CON.PRVT.CD,Kosovo,XKX,..,..,5356323560.7392,5463570140.60997,5689811185.19305,6288119720.39732,6326469745.27998,6551733097.80905,7812800679.46017,8020552814.33902,8806488520.72542,..
Households and NPISHs Final consumption expenditure (current US$),NE.CON.PRVT.CD,Kuwait,KWT,10459375000,15664445545.5873,47609508292.3487,49483025410.8871,52252040323.4445,54952726597.0188,56574340413.7495,50810468798.8757,57396933543.5405,59788929394.0477,..,..
Households and NPISHs Final consumption expenditure (current US$),NE.CON.PRVT.CD,Kyrgyz Republic,KGZ,1895705140.15787,899667205.955085,6046860893.8448,5641203874.48214,6322533275.45918,6822485717.67243,7246816416.06945,6320767534.88569,7910191373.14144,10761962858.3907,12525125453.4032,..
Households and NPISHs Final consumption expenditure (current US$),NE.CON.PRVT.CD,Lao PDR,LAO,..,1517153863.41711,10275931664.7813,10453643444.5525,..,..,..,..,..,..,..,..
Households and NPISHs Final consumption expenditure (current US$),NE.CON.PRVT.CD,Latvia,LVA,..,4981624565.46929,16320855845.6785,17044266808.4032,18491327547.2059,20519645561.2353,20097329194.596,19608577457.6421,22523756373.9841,24368050949.7277,26673094564.4142,..
Households and NPISHs Final consumption expenditure (current US$),NE.CON.PRVT.CD,Lebanon,LBN,3316909057.68901,14512769485.9038,45338426841.791,45083583340.6302,47515405383.7479,48820796311.1111,48320280146.7181,31758649945.7701,27540367673.3305,29469208905.489,..,..
Households and NPISHs Final consumption expenditure (current US$),NE.CON.PRVT.CD,Lesotho,LSO,..,..,1806542397.63504,1614485495.23165,2065150124.95308,2179416999.91371,1998887692.06503,1823685054.56402,2019819025.7613,2043212090.14201,1966830070.10639,..
Households and NPISHs Final consumption expenditure (current US$),NE.CON.PRVT.CD,Liberia,LBR,..,..,..,..,..,..,..,..,..,..,..,..
Households and NPISHs Final consumption expenditure (current US$),NE.CON.PRVT.CD,Libya,LBY,13998312009.8031,15545012592.9831,21548497332.0494,24823482111.5833,26312292835.5168,26136456046.1901,26694548879.5742,24365092567.1885,11569358223.9156,12659834724.4802,14621381820.4182,..
Households and NPISHs Final consumption expenditure (current US$),NE.CON.PRVT.CD,Liechtenstein,LIE,..,..,..,..,..,..,..,..,..,..,..,..
Households and NPISHs Final consumption expenditure (current US$),NE.CON.PRVT.CD,Lithuania,LTU,..,7482473025.46396,25903259343.6699,27150774838.3938,29707471038.4624,33033366671.5168,32891692539.1686,32829846930.7409,38459282571.3405,41433171684.257,45738908562.6361,..
Households and NPISHs Final consumption expenditure (current US$),NE.CON.PRVT.CD,Luxembourg,LUX,6165397151.13472,8506495590.39688,19543946412.4285,20303865132.9678,21809811190.3353,23836860569.5953,23478413127.0353,22266860718.6289,26004144781.9531,24960165456.2686,27629828077.6985,..
Households and NPISHs Final consumption expenditure (current US$),NE.CON.PRVT.CD,"Macao SAR, China",MAC,1498817103.91932,3143572683.43737,11928174968.9416,12013787506.8918,12366307953.3631,13157498655.6221,13740215873.425,11813652215.9923,12958164429.2971,12193860888.3642,13773735364.4063,..
Households and NPISHs Final consumption expenditure (current US$),NE.CON.PRVT.CD,Madagascar,MDG,2351021166.4897,3487054763.70957,8300555980.04671,8474399461.41864,9435451849.9026,9909982252.93951,9999744208.21687,10046811595.2844,11148497937.9577,9810333487.40578,9968437104.23823,..
Households and NPISHs Final consumption expenditure (current US$),NE.CON.PRVT.CD,Malawi,MWI,..,..,..,..,..,..,..,..,..,..,..,..
Households and NPISHs Final consumption expenditure (current US$),NE.CON.PRVT.CD,Malaysia,MYS,22805859790.1936,41037105263.1579,162616927333.648,165051280153.683,176760121345.695,206037423825.255,218272887190.493,205888852146.863,216822461108.852,234810410324.937,241745647019.512,..
Households and NPISHs Final consumption expenditure (current US$),NE.CON.PRVT.CD,Maldives,MDV,..,..,1688055768.90314,1928135747.00788,2236643368.56223,2493759752.9808,2654630087.85019,2205167732.65778,2444522830.9328,2884153579.20054,3379007615.43256,..
Households and NPISHs Final consumption expenditure (current US$),NE.CON.PRVT.CD,Mali,MLI,2106569300.83812,2276561618.79466,10276726628.6399,10754363169.5086,11657474058.4691,12762950772.8358,12782776631.4746,12820667490.8644,14180975513.3925,14039823661.3558,15321449031.3769,..
Households and NPISHs Final consumption expenditure (current US$),NE.CON.PRVT.CD,Malta,MLT,1629059423.95922,2587067765.73982,5596052795.08619,5789770217.87184,6345867515.58394,7385332314.56364,7543245312.75888,6929135836.87605,8114782600.46789,8441235689.07273,10226201288.8716,..
Households and NPISHs Final consumption expenditure (current US$),NE.CON.PRVT.CD,Marshall Islands,MHL,..,..,142193400,147054700,161698400,165404000,174839600,169688100,170640100,185077900,183222100,..
Households and NPISHs Final consumption expenditure (current US$),NE.CON.PRVT.CD,Mauritania,MRT,985923348.757583,1351813956.38509,3939222661.46597,3876671630.28222,3979682082.82314,4225553920.53815,4332163840.48844,4378871944.07984,4888802152.59083,5417582239.06863,5892812021.82758,..
Households and NPISHs Final consumption expenditure (current US$),NE.CON.PRVT.CD,Mauritius,MUS,1683120095.7354,2792852576.79386,8713769407.84501,8965900878.12736,9875350797.74005,10677395209.5808,10592296219.1767,8286389183.11625,8395324844.61757,9073422844.08347,9731301178.72257,..
Households and NPISHs Final consumption expenditure (current US$),NE.CON.PRVT.CD,Mexico,MEX,182790817318.786,512090516815.613,838984074978.04,766668949217.796,812497140176.399,846633393856.75,875343173844.726,741637415613.279,899555819959.819,1036415582925.72,1256968046847.08,..
Households and NPISHs Final consumption expenditure (current US$),NE.CON.PRVT.CD,"Micronesia, Fed. Sts.",FSM,..,..,..,..,..,..,..,..,..,..,..,..
Households and NPISHs Final consumption expenditure (current US$),NE.CON.PRVT.CD,Moldova,MDA,..,1138452394.35713,6830058296.43475,6936040062.18082,8264513138.11775,9584875561.62783,9968693716.64752,9498844291.03499,11440229222.4651,12312666459.934,14102329313.1699,..
Households and NPISHs Final consumption expenditure (current US$),NE.CON.PRVT.CD,Monaco,MCO,..,..,..,..,..,..,..,..,..,..,..,..
Households and NPISHs Final consumption expenditure (current US$),NE.CON.PRVT.CD,Mongolia,MNG,1302120000,853894599.376355,7192706603.79565,6790003077.35743,6459632701.10909,7637417028.1756,8134879145.96325,8050570296.46574,8102208268.22066,8892189448.10451,9049203222.52678,..
Households and NPISHs Final consumption expenditure (current US$),NE.CON.PRVT.CD,Montenegro,MNE,..,688729617.024028,3209796781.5235,3359526732.27654,3632518306.4733,4044297586.24803,3955674465.46513,3874410097.15377,4278667387.44962,4651911420.14647,5507765677.8882,..
Households and NPISHs Final consumption expenditure (current US$),NE.CON.PRVT.CD,Morocco,MAR,17730784539.1516,23946609617.9183,65103681269.8605,66200416906.4497,70318730977.8644,75720464150.0806,76112115574.422,71688003397.3381,84646643416.1756,81386642206.3134,88617248953.849,..
Households and NPISHs Final consumption expenditure (current US$),NE.CON.PRVT.CD,Mozambique,MOZ,..,4151696457.65472,10674609007.4366,8119529783.83596,8872670609.38905,9887050364.57786,10530951683.3966,9803063044.69877,11686066728.7864,14336973890.3798,16344769670.6091,..
Households and NPISHs Final consumption expenditure (current US$),NE.CON.PRVT.CD,Myanmar,MMR,..,..,..,..,..,..,..,..,..,..,..,..
Households and NPISHs Final consumption expenditure (current US$),NE.CON.PRVT.CD,Namibia,NAM,1486280437.56457,2374936626.67144,7788631765.40207,8033985676.7056,9104922375.04697,9531519640.93541,8680980136.20885,7320148224.52919,9558088976.17682,9477742433.32267,9047841204.86333,..
Households and NPISHs Final consumption expenditure (current US$),NE.CON.PRVT.CD,Nauru,NRU,..,..,..,..,..,..,..,..,..,..,..,..
Households and NPISHs Final consumption expenditure (current US$),NE.CON.PRVT.CD,Nepal,NPL,3059674551.55437,4168915592.87679,20356554578.8071,21686948797.9104,22741746718.6843,25544503205.9153,26179605394.3524,28489794163.0459,31523897271.9589,35007033398.5618,35158282358.5808,..
Households and NPISHs Final consumption expenditure (current US$),NE.CON.PRVT.CD,Netherlands,NLD,157380215418.129,210118160451.765,344854358612.5,349826766685.215,369700591492.942,403366822368.627,395786854517.646,383195372591.441,426862805310.071,432879862822.959,486433561237.263,..
Households and NPISHs Final consumption expenditure (current US$),NE.CON.PRVT.CD,New Caledonia,NCL,1955257477.20307,2225111423.64042,5710558178.10183,5740518298.95431,6018805965.30568,..,..,..,..,..,..,..
Households and NPISHs Final consumption expenditure (current US$),NE.CON.PRVT.CD,New Zealand,NZL,27396760891.6512,30469854652.4393,102132882372.426,109476688536.573,118686237706.423,122584313069.751,121784073128.551,121496700838.168,146140896873.674,143489976857.478,..,..
Households and NPISHs Final consumption expenditure (current US$),NE.CON.PRVT.CD,Nicaragua,NIC,..,4345039596.6949,8993190537.47082,9351851840.7682,9564159628.3849,9189714090.97053,9065736047.27062,8944059977.69662,10577430943.3762,12540188403.8688,13921086120.2846,..
Households and NPISHs Final consumption expenditure (current US$),NE.CON.PRVT.CD,Niger,NER,2573137542.1562,1618078897.61283,6520758998.91954,7209568879.97087,7996601151.02425,9000813042.00161,8865852054.05586,9791000749.22774,10745413992.1114,..,..,..
Households and NPISHs Final consumption expenditure (current US$),NE.CON.PRVT.CD,Nigeria,NGA,..,..,..,..,..,..,..,..,..,..,..,..
Households and NPISHs Final consumption expenditure (current US$),NE.CON.PRVT.CD,North Macedonia,MKD,2996855123.67491,2846858743.50894,6928668821.68353,7141820928.74391,7536404432.94191,8352123476.12921,8257472628.26859,8163477889.88043,9489683709.45403,9688312257.68421,10794491851.3278,..
Households and NPISHs Final consumption expenditure (current US$),NE.CON.PRVT.CD,Northern Mariana Islands,MNP,..,..,529000000,571000000,654000000,678000000,683000000,637000000,717000000,726000000,..,..
Households and NPISHs Final consumption expenditure (current US$),NE.CON.PRVT.CD,Norway,NOR,58555681582.1845,72706719080.1881,167936509248.734,168025952380.952,177915414064.074,187883430679.373,179433977272.727,159726064253.474,189330384167.637,188901447516.685,182146292205.744,..
Households and NPISHs Final consumption expenditure (current US$),NE.CON.PRVT.CD,Oman,OMN,4259817945.38362,7622106631.9896,28385955786.736,28558907672.3017,31655916775.0325,31847074122.2367,33039271781.5345,33458777633.29,34306892067.6203,38442652795.8388,..,..
Households and NPISHs Final consumption expenditure (current US$),NE.CON.PRVT.CD,Pakistan,PAK,28561445332.5854,75582585165.4989,243387914118.939,253047479926.584,277952420058.672,293451531866.519,269161062995.606,244891396191.68,290882315435.506,322022313142.494,281206563389.117,..
Households and NPISHs Final consumption expenditure (current US$),NE.CON.PRVT.CD,Palau,PLW,..,..,199171300,210082700,210153400,210229200,208686500,210948500,199954900,198778600,..,..
Households and NPISHs Final consumption expenditure (current US$),NE.CON.PRVT.CD,Panama,PAN,4266764000,7106820900,27705042300,29964022200,31340378200,33158718400,35453303700,32792299000,34963504700,37153341900,38891499800,..
Households and NPISHs Final consumption expenditure (current US$),NE.CON.PRVT.CD,Papua New Guinea,PNG,1901044773.93236,1570701786.74769,..,..,..,..,..,..,..,..,..,..
Households and NPISHs Final consumption expenditure (current US$),NE.CON.PRVT.CD,Paraguay,PRY,3655088839.89267,5688777539.91997,23089828008.784,22485213070.0807,24581389617.4603,25768606222.7127,24809239139.2176,22511136433.9996,25071718179.6209,27459679447.7725,28465736678.1908,..
Households and NPISHs Final consumption expenditure (current US$),NE.CON.PRVT.CD,Peru,PER,19711957487.9227,36698759276.7701,123974426892.775,124739930703.495,135361025711.489,142147074045.755,147939253892.227,129332655401.05,137853770363.716,157433247609.435,171935341012.109,..
Households and NPISHs Final consumption expenditure (current US$),NE.CON.PRVT.CD,Philippines,PHL,34288385741.552,60006199043.95,222090173338.631,231175324215.648,237102808741.101,251608899169.658,275858995374.199,271563141261.052,296592543563.141,307006689363.257,334499510283.62,..
Households and NPISHs Final consumption expenditure (current US$),NE.CON.PRVT.CD,Poland,POL,..,110304355079.008,284314100013.264,279905565867.428,315459869468.297,351203075173.383,348527559824.19,343642762658.692,389136568626.208,404410213656.748,467116247716.54,..
Households and NPISHs Final consumption expenditure (current US$),NE.CON.PRVT.CD,Portugal,PRT,50284379130.9239,75197017548.2025,130712099755.017,135069132857.335,142951020771.881,155733969839.116,153730902297.608,146709508282.168,162267613327.331,163816798477.123,179660156703.023,..
Households and NPISHs Final consumption expenditure (current US$),NE.CON.PRVT.CD,Puerto Rico,PRI,19827200000,36132600000,61640500000,60979400000,62453800000,65157100000,68758800000,65469600000,79852500000,88639800000,94265600000,..
Households and NPISHs Final consumption expenditure (current US$),NE.CON.PRVT.CD,Qatar,QAT,..,2704120879.12088,36052148159.3407,39005968021.978,41068920384.6154,42193867747.2527,41393737854.8494,37513425322.7893,39319284486.067,45955965356.1415,..,..
Households and NPISHs Final consumption expenditure (current US$),NE.CON.PRVT.CD,Romania,ROU,25198395006.6875,25636149897.3684,109194398835.45,115040046235.905,131979335184.375,155412080879.497,157033052732.174,154476327947.838,176368955323.469,187286505740.139,217036595763.286,..
Households and NPISHs Final consumption expenditure (current US$),NE.CON.PRVT.CD,Russian Federation,RUS,252658908507.223,119953785993.601,718280078079.808,679860796210.232,832298058504.253,834728872487.712,873630615429.431,768869991485.184,920722890584.799,1100368895690.97,1006721213055.47,..
Households and NPISHs Final consumption expenditure (current US$),NE.CON.PRVT.CD,Rwanda,RWA,2133587381.82687,1828326536.928,6890340193.42105,6754275004.49348,6826370840.36484,7372828483.87875,7397628351.12673,7775059037.20854,7933659635.18212,9775967956.19331,10616278449.754,..
Households and NPISHs Final consumption expenditure (current US$),NE.CON.PRVT.CD,Samoa,WSM,..,..,570512695.699237,569192356.473449,613189578.199785,593459961.400598,610961683.097255,627356394.183598,683483948.76832,691008799.369313,822792142.678735,..
Households and NPISHs Final consumption expenditure (current US$),NE.CON.PRVT.CD,San Marino,SMR,..,..,573181292.290823,565957046.692513,570274726.444664,600438140.011569,577407542.14334,560346746.225914,614772922.818882,650013435.81507,..,..
Households and NPISHs Final consumption expenditure (current US$),NE.CON.PRVT.CD,Sao Tome and Principe,STP,..,..,..,..,..,..,..,..,..,..,..,..
Households and NPISHs Final consumption expenditure (current US$),NE.CON.PRVT.CD,Saudi Arabia,SAU,54507610146.8625,68558666666.6667,273356533333.333,290903733333.333,302825333333.333,320304533333.333,338110666666.667,324987200000,370126666666.667,397025066666.667,426558133333.333,..
Households and NPISHs Final consumption expenditure (current US$),NE.CON.PRVT.CD,Senegal,SEN,5894113856.17739,4731921559.9292,12908633279.445,13631625815.7628,14780649669.5337,16056649334.147,15984150821.8928,16860449899.2292,18323696881.1509,18178798633.2256,20653492901.8468,..
Households and NPISHs Final consumption expenditure (current US$),NE.CON.PRVT.CD,Serbia,SRB,..,5281321092.55152,28902339069.6335,29189949302.5791,31833432706.4552,35752138942.746,35746482659.8132,36113104068.0633,42310281641.0754,43881347904.5094,50920790786.2657,..
Households and NPISHs Final consumption expenditure (current US$),NE.CON.PRVT.CD,Seychelles,SYC,198987292.435684,229592897.357406,832741366.651833,982932787.511364,1063727518.24061,1190890357.69018,1203914446.04778,1005002702.29323,1203573216.97444,1533954323.59254,1580560262.36345,..
Households and NPISHs Final consumption expenditure (current US$),NE.CON.PRVT.CD,Sierra Leone,SLE,510004138.113278,672942582.302683,4349185677.69898,3753515136.86935,3480824659.22904,5928442721.49792,6205124058.55528,5868223182.12536,6368034293.07649,6402221980.18886,5616721567.24693,..
Households and NPISHs Final consumption expenditure (current US$),NE.CON.PRVT.CD,Singapore,SGP,16113110803.4661,40213044015.4458,114446347716.982,116329604660.286,120830023353.911,130221775419.211,133263888787.076,111687909768.638,125840818231.418,140882533635.751,157023146979.334,..
Households and NPISHs Final consumption expenditure (current US$),NE.CON.PRVT.CD,Sint Maarten (Dutch part),SXM,..,..,..,..,..,..,..,..,..,..,..,..
Households and NPISHs Final consumption expenditure (current US$),NE.CON.PRVT.CD,Slovak Republic,SVK,7042406043.67699,15959650783.9765,47838122821.9285,49430321451.0865,53520378666.2189,59576602976.9121,59584057651.7019,61412098398.1091,67335286409.8051,71378212449.5762,78258745894.9975,..
Households and NPISHs Final consumption expenditure (current US$),NE.CON.PRVT.CD,Slovenia,SVN,9511567796.61017,11425980413.2587,23283088067.3016,24173588453.33,25528997265.4836,28173345605.8219,28536155302.8235,27079043718.6553,31953812282.4297,32420658073.9476,36181199964.383,..
Households and NPISHs Final consumption expenditure (current US$),NE.CON.PRVT.CD,Solomon Islands,SLB,..,..,829862045.116365,865987355.80455,888177204.373056,957861705.211125,966917190.755033,966419197.476128,971743450.862336,966841022.820224,..,..
Households and NPISHs Final consumption expenditure (current US$),NE.CON.PRVT.CD,Somalia,SOM,..,..,7645037229.99908,8157149469.99983,9327401210.00093,9684457690.2898,10558065240.002,10827280809.9996,11539373557.3376,12683404719.9507,13549224800,..
Households and NPISHs Final consumption expenditure (current US$),NE.CON.PRVT.CD,South Africa,ZAF,80969852600.4311,99585998975.7671,220788691538.504,204768369554.28,240346972139.804,259239863544.65,249532768764.378,211713917263.423,260330370578.478,258188034754.286,245156291450.671,..
Households and NPISHs Final consumption expenditure (current US$),NE.CON.PRVT.CD,South Sudan,SSD,..,..,..,..,..,..,..,..,..,..,..,..
Households and NPISHs Final consumption expenditure (current US$),NE.CON.PRVT.CD,Spain,ESP,329414312765.263,356728722032.942,699231666365.234,717566546445.527,766039065127.06,826046974790.588,799903718862.744,716733769346.305,812699897484.483,807278669527.24,879142757847.074,..
Households and NPISHs Final consumption expenditure (current US$),NE.CON.PRVT.CD,Sri Lanka,LKA,5826340489.2661,11673570964.8098,54443169605.2155,54743759264.0013,55787824307.2349,56933471958.3882,55809896542.797,53031457073.1807,54230181174.3859,50257060070.1401,58493346168.6773,..
Households and NPISHs Final consumption expenditure (current US$),NE.CON.PRVT.CD,St. Kitts and Nevis,KNA,..,..,..,..,..,..,..,..,..,..,..,..
Households and NPISHs Final consumption expenditure (current US$),NE.CON.PRVT.CD,St. Lucia,LCA,..,..,..,..,..,..,..,..,..,..,..,..
Households and NPISHs Final consumption expenditure (current US$),NE.CON.PRVT.CD,St. Martin (French part),MAF,..,..,..,..,..,..,..,..,..,..,..,..
Households and NPISHs Final consumption expenditure (current US$),NE.CON.PRVT.CD,St. Vincent and the Grenadines,VCT,..,..,..,..,..,..,..,..,..,..,..,..
Households and NPISHs Final consumption expenditure (current US$),NE.CON.PRVT.CD,Sudan,SDN,28433333333.3333,8554146953.30047,44129636363.6364,36258813333.3333,34065019047.619,29105211850.1228,28594854990.0826,21485079246.0106,29165651732.8049,41088459740.7518,88133602910.8978,..
Households and NPISHs Final consumption expenditure (current US$),NE.CON.PRVT.CD,Suriname,SUR,..,..,..,..,..,..,..,..,..,..,..,..
Households and NPISHs Final consumption expenditure (current US$),NE.CON.PRVT.CD,Sweden,SWE,124708698722.714,124895985680.295,232566925536.73,236463322883.402,247343949237.681,253828052514.893,239916814236.17,240598984590.199,279793427771.355,259235303538.108,256062459755.677,..
Households and NPISHs Final consumption expenditure (current US$),NE.CON.PRVT.CD,Switzerland,CHE,143506497984.451,158224266935.102,366967377403.65,363577395094.237,371036479100.903,380725918224.737,378027193278.157,385020963421.237,403715933850.987,412386991435.671,456705491435.631,..
Households and NPISHs Final consumption expenditure (current US$),NE.CON.PRVT.CD,Syrian Arab Republic,SYR,8458211397.16566,12004186728.072,15284035842.4333,12489813834.7888,15863931845.0136,20601638114.1138,21052080780.9456,11204004171.2967,11551331891.4369,27118984509.2228,..,..
Households and NPISHs Final consumption expenditure (current US$),NE.CON.PRVT.CD,Tajikistan,TJK,..,647320891.0295,5892115953.66436,5572972334.86585,6062241410.3256,5933615168.34318,6328685978.2,6311728936.27963,7183214915.75182,9388858293.50267,..,..
Households and NPISHs Final consumption expenditure (current US$),NE.CON.PRVT.CD,Tanzania,TZA,3525686431.7528,10307121137.1187,30279416170.7782,29827734726.019,31904214565.5594,34132783090.4573,35797781152.7352,36047221546.5279,38180519375.7943,41570240648.7466,42788098934.4644,..
Households and NPISHs Final consumption expenditure (current US$),NE.CON.PRVT.CD,Thailand,THA,48268856743.7242,68420833638.4181,206044362022.73,206722258198.524,223299328331.557,247744599496.147,270757912864.522,265483025913.896,264435481987.059,270420604995.807,296991749570.695,..
Households and NPISHs Final consumption expenditure (current US$),NE.CON.PRVT.CD,Timor-Leste,TLS,..,321279100,923691800,960343400,998466900,1032447900,1101377600,1091554300,1096212700,1369504500,1456860000,..
Households and NPISHs Final consumption expenditure (current US$),NE.CON.PRVT.CD,Togo,TGO,1264087100.73078,1448813183.63452,4492058666.77557,4729317321.77394,4920996785.10583,5382210934.90167,5361291954.41493,5510627382.26236,6482238336.04877,6530960550.14301,7161039600.14491,..
Households and NPISHs Final consumption expenditure (current US$),NE.CON.PRVT.CD,Tonga,TON,106297268.096929,9744780.51013136,412814071.934286,377923416.170819,406154333.903326,455523541.126599,442685793.469628,420932121.372047,464401406.98519,403445934.989534,..,..
Households and NPISHs Final consumption expenditure (current US$),NE.CON.PRVT.CD,Trinidad and Tobago,TTO,..,..,..,..,..,..,..,..,..,..,..,..
Households and NPISHs Final consumption expenditure (current US$),NE.CON.PRVT.CD,Tunisia,TUN,7819545454.54545,13014898411.9596,32413840565.8574,31632195594.7604,30336133585.4594,30541768815.7357,30093377494.0508,31477855948.6381,34482783299.9996,34462623594.9628,35487785252.1806,..
Households and NPISHs Final consumption expenditure (current US$),NE.CON.PRVT.CD,Turkiye,TUR,103320237638.942,183627023331.025,518775101626.502,516664262259.8,503443281919.82,437639755093.334,432980696670.091,408922139769.612,452935938128.502,519856621646.446,664051154425.25,..
Households and NPISHs Final consumption expenditure (current US$),NE.CON.PRVT.CD,Turkmenistan,TKM,1594769820.65855,1059640584.75883,..,..,..,..,..,..,..,..,..,..
Households and NPISHs Final consumption expenditure (current US$),NE.CON.PRVT.CD,Turks and Caicos Islands,TCA,..,..,..,..,..,..,..,..,..,..,..,..
Households and NPISHs Final consumption expenditure (current US$),NE.CON.PRVT.CD,Tuvalu,TUV,..,..,..,..,..,..,..,..,..,..,..,..
Households and NPISHs Final consumption expenditure (current US$),NE.CON.PRVT.CD,Uganda,UGA,4001628000.4259,4797169385.97468,24857417485.8143,20963526026.3808,21795162218.0308,23807088856.684,25159037630.8382,26794839469.1541,29231992091.6184,32322148263.1713,34923573145.5404,..
Households and NPISHs Final consumption expenditure (current US$),NE.CON.PRVT.CD,Ukraine,UKR,46496679482.6122,18596629960.5182,61676934146.6749,62172918251.548,75254150849.1723,90798173797.7387,114453534024.703,114778493751.874,138061493307.109,104574992837.554,114603516264.973,..
Households and NPISHs Final consumption expenditure (current US$),NE.CON.PRVT.CD,United Arab Emirates,ARE,..,..,153562797048.376,154727859917.263,159662619739.326,161715988655.681,163818997113.016,161847268269.692,169662195742.66,211979312917.117,234509981907.164,..
Households and NPISHs Final consumption expenditure (current US$),NE.CON.PRVT.CD,United Kingdom,GBR,726461882102.273,1101626569829.02,1876607568973.35,1741000538326.79,1720613294269.13,1856599641844.36,1822642048245.42,1597530354152.75,1883375082245.24,1910837817492.18,2064938048482.15,..
Households and NPISHs Final consumption expenditure (current US$),NE.CON.PRVT.CD,United States,USA,3808994000000,6767179000000,12297438000000,12726849000000,13290626000000,13934442000000,14437543000000,14225657000000,16113945000000,17690841000000,18822769000000,..
Households and NPISHs Final consumption expenditure (current US$),NE.CON.PRVT.CD,Uruguay,URY,6533905551.50819,17460822579.8027,38548534913.7368,..,..,..,..,..,..,..,..,..
Households and NPISHs Final consumption expenditure (current US$),NE.CON.PRVT.CD,Uzbekistan,UZB,..,7764867492.28623,55944011637.6471,57103069045.602,48850635895.9573,39466888428.5529,44010879440.068,42792810501.6571,50976004072.2493,61638139046.022,69227527219.5555,..
Households and NPISHs Final consumption expenditure (current US$),NE.CON.PRVT.CD,Vanuatu,VUT,100111054.16026,193965079.296649,500453407.447366,523825766.3056,545024540.851025,539281986.111741,519974723.814089,..,..,..,..,..
Households and NPISHs Final consumption expenditure (current US$),NE.CON.PRVT.CD,"Venezuela, RB",VEN,29208840234.5832,60621662826.312,..,..,..,..,..,..,..,..,..,..
Households and NPISHs Final consumption expenditure (current US$),NE.CON.PRVT.CD,Viet Nam,VNM,..,20716484150.2066,141958257041.8,151010489245.505,163179276483.273,176999133892.918,190013330350.512,193990716426.122,203463215115.649,224799365655.052,234559143080.758,..
Households and NPISHs Final consumption expenditure (current US$),NE.CON.PRVT.CD,Virgin Islands (U.S.),VIR,..,..,2564000000,2582000000,2578000000,2657000000,2853000000,2770000000,2952000000,3221000000,..,..
Households and NPISHs Final consumption expenditure (current US$),NE.CON.PRVT.CD,West Bank and Gaza,PSE,..,3866800000,12348300000,13534000000,14301800000,14468100000,15427900000,13778800000,16028300000,19136500000,17682600000,..
Households and NPISHs Final consumption expenditure (current US$),NE.CON.PRVT.CD,"Yemen, Rep.",YEM,9731584344.55649,5836993788.81988,42908928360.8793,35335791046.9929,31508997312.8343,27313971698.8021,..,..,..,..,..,..
Households and NPISHs Final consumption expenditure (current US$),NE.CON.PRVT.CD,Zambia,ZMB,..,..,9901967681.16756,9325467372.37964,10335590343.0302,11813311364.0244,9830978201.20365,6766873232.53131,7954037448.32609,10376725342.2766,12990626814.7698,..
Households and NPISHs Final consumption expenditure (current US$),NE.CON.PRVT.CD,Zimbabwe,ZWE,5543114100,4008163200,17870048600,17126635500,13955562709.4303,26539167803.3463,20457977201.5887,21685999201.0523,20395977555.6625,25498208530.8048,26871982441.0212,..
Households and NPISHs Final consumption expenditure (current US$),NE.CON.PRVT.CD,Africa Eastern and Southern,AFE,169810357657.295,198900655685.561,601394354632.381,560229766357.522,623559007517.1,681839144070.875,676989914417.355,620462439786.144,707175021529.902,784455821387.896,859712822047.453,..
Households and NPISHs Final consumption expenditure (current US$),NE.CON.PRVT.CD,Africa Western and Central,AFW,..,..,..,..,..,..,..,..,..,..,..,..
Households and NPISHs Final consumption expenditure (current US$),NE.CON.PRVT.CD,Arab World,ARB,383688947018.178,372362680438.914,1315928349928.23,1334045996035.29,1311442861861.28,1348080941976.3,1413506856693.06,1400517377895.21,1511317101911.13,1678059293434.03,1740221977674.01,..
Households and NPISHs Final consumption expenditure (current US$),NE.CON.PRVT.CD,Caribbean small states,CSS,..,..,..,..,..,..,..,..,..,..,..,..
Households and NPISHs Final consumption expenditure (current US$),NE.CON.PRVT.CD,Central Europe and the Baltics,CEB,..,258316597464.837,729728165115.101,745251386723.478,831050357613.23,935105617885.468,936763407672.641,918943803920.542,1048749174098.92,1099140487618.85,1256172039922.67,..
Households and NPISHs Final consumption expenditure (current US$),NE.CON.PRVT.CD,Early-demographic dividend,EAR,1271011782079.96,2168312535297.75,6367942524984.47,6541583502917.89,6997631011822.64,7053318516743.1,7274677015678.99,6832952103299.08,7870259377589.26,8663748454837.45,9252826582361.49,..
Households and NPISHs Final consumption expenditure (current US$),NE.CON.PRVT.CD,East Asia & Pacific,EAS,2482275012150.2,4471869892967.6,10167167002858.4,10620664753711.6,11228862103324,12163274491068.4,12524552552185.9,12283965973748,13761921252903.5,13438854042230.7,14109130602969.8,..
Households and NPISHs Final consumption expenditure (current US$),NE.CON.PRVT.CD,East Asia & Pacific (excluding high income),EAP,371229477680.131,872645053350.271,5489474516815.93,5724831933643.65,6220683459113.37,6933421123976.68,7317703449834.41,7278761751565.96,8553575775503.01,8545697817340.71,8945615397176.97,..
Households and NPISHs Final consumption expenditure (current US$),NE.CON.PRVT.CD,East Asia & Pacific (IDA & IBRD countries),TEA,370815123387.342,871671035267.989,5482844063895.82,5717919592071.53,6213154134465.93,6925004920968.61,7308807477389.07,7269916520566.75,8543133034344.52,8535263693613.33,8934692982194.97,..
Households and NPISHs Final consumption expenditure (current US$),NE.CON.PRVT.CD,Euro area,EMU,3335195705793.52,3667208415312.29,6377045388688.08,6517806769828.28,6859684299201.73,7387735312650.05,7179242923975.21,6798263051827.25,7516806781919.95,7445600932041.98,8150547464827.92,..
Households and NPISHs Final consumption expenditure (current US$),NE.CON.PRVT.CD,Europe & Central Asia,ECS,5086894758581.05,5804104842284.5,11400766319987.3,11346589775162.8,11952553006889.3,12707747676712.3,12506330393610.3,11728728541493.6,13212176758264.4,13443019274085.5,14604719311652.5,..
Households and NPISHs Final consumption expenditure (current US$),NE.CON.PRVT.CD,Europe & Central Asia (excluding high income),ECA,219018992282.384,264109111996.784,922231244702.435,885120355628.577,904584910955.724,865037386854.139,898045131040.423,860626911353.439,975701642854.214,1056265156656.83,1277769387406.71,..
Households and NPISHs Final consumption expenditure (current US$),NE.CON.PRVT.CD,Europe & Central Asia (IDA & IBRD countries),TEC,629526673394.234,541383580350.628,2092841723968.51,2020601544922.07,2251633119372.15,2281867446213.71,2353530516231.67,2202855225589.46,2551583778050.55,2844503300790.16,3073417467646.57,..
Households and NPISHs Final consumption expenditure (current US$),NE.CON.PRVT.CD,European Union,EUU,3671798027892.22,4070966898714.84,7327318685578.23,7485441354252.02,7919379409275.9,8552700244554.77,8326978950290.9,7931497484951.99,8810622100746.49,8745894758410.37,9591107953021.83,..
Households and NPISHs Final consumption expenditure (current US$),NE.CON.PRVT.CD,Fragile and conflict affected situations,FCS,..,..,..,..,..,..,..,..,..,..,..,..
Households and NPISHs Final consumption expenditure (current US$),NE.CON.PRVT.CD,Heavily indebted poor countries (HIPC),HPC,133840291717.158,138790532873.553,481782443365.786,480322277362.639,508305611873.585,550255220515.906,571963716181.125,572753814445.622,635786815646.609,690935741151.251,815949211749.518,..
Households and NPISHs Final consumption expenditure (current US$),NE.CON.PRVT.CD,High income,HIC,11317447588235.3,16662614822566.9,29392574862826.7,30059768467154.6,31452960146231.1,33209781707122.7,33494477001359,32206652679167.9,35997813970005.9,37603671951883.5,40087439836069.3,..
Households and NPISHs Final consumption expenditure (current US$),NE.CON.PRVT.CD,IBRD only,IBD,2245602245795.31,3497311948213.96,13182921080420.1,13370084334403.8,14671856078726,15386691113067.8,15896353591500,14981168958972.4,17488556774504.9,18488005723973.1,19659248752957.2,..
Households and NPISHs Final consumption expenditure (current US$),NE.CON.PRVT.CD,IDA & IBRD total,IBT,2522965591417.9,3896989363655.87,14662343516717.4,14896547538439.1,16301404350497.3,17130188172493.5,17673184640759.3,16713216875419.7,19446555920125.9,20636641815107.4,21913031362389.1,..
Households and NPISHs Final consumption expenditure (current US$),NE.CON.PRVT.CD,IDA blend,IDB,..,..,..,..,..,..,..,..,..,..,..,..
Households and NPISHs Final consumption expenditure (current US$),NE.CON.PRVT.CD,IDA only,IDX,193754756193.377,227958850649.176,817335944834.517,846294882807.168,900965886950.541,972772318593.032,1016563700835.34,1019234816267.98,1130696118778.31,1254467065695.71,1374154945975.19,..
Households and NPISHs Final consumption expenditure (current US$),NE.CON.PRVT.CD,IDA total,IDA,322752475487.486,456230276025.709,1662443239752.96,1722630283161.98,1825842100944.66,1963751422972.81,1994196421660.94,1960859353031.78,2199602981700.08,2435961533108.9,2545934245331.2,..
Households and NPISHs Final consumption expenditure (current US$),NE.CON.PRVT.CD,Late-demographic dividend,LTE,1152925898339.74,1855689094851.86,8387469049252.44,8514813788404.56,9442967363802.49,10181976414660.8,10497351410773.8,9967402398044.94,11696923470125.9,12180401061112.3,12829737542576.4,..
Households and NPISHs Final consumption expenditure (current US$),NE.CON.PRVT.CD,Latin America & Caribbean,LCN,772381835785.041,1550351389005.22,3571234273625.99,3479552262316.43,3863913447328.56,3790573028578.16,3728547695772.7,3112570074096.2,3624764624332.9,4224901795214.73,4736433325983.86,..
Households and NPISHs Final consumption expenditure (current US$),NE.CON.PRVT.CD,Latin America & Caribbean (excluding high income),LAC,682180317286.979,1359867325200.02,3082742296824.94,2990197312350.72,3329103549895.4,3243492602697.81,3191931171727.22,2647709623871.51,3059288969493.37,3612150261702.93,4070371256306.12,..
Households and NPISHs Final consumption expenditure (current US$),NE.CON.PRVT.CD,Latin America & the Caribbean (IDA & IBRD countries),TLA,732059557695.136,1484990960906.9,3441911735063.46,3348108176272.81,3726982039950.71,3648365832394.84,3582109328084.27,2973558880713.94,3458909419429.32,4037636382642.07,4532208511910.41,..
Households and NPISHs Final consumption expenditure (current US$),NE.CON.PRVT.CD,Least developed countries: UN classification,LDC,158499936546.036,176637160538.557,673221569439.531,678084683997.725,728425231189.19,785981535049.071,813976097723.392,819146195322.267,905920311223.544,1031504790845.98,1119151609328.01,..
Households and NPISHs Final consumption expenditure (current US$),NE.CON.PRVT.CD,Low & middle income,LMY,2104105629596.34,3504912501311.85,13187725977930.5,13451817624324.2,14612294619173.8,15349683620180.1,15858881861631.4,15047397873227,17473580773130,18441630004323.5,19684115290564.9,..
Households and NPISHs Final consumption expenditure (current US$),NE.CON.PRVT.CD,Low income,LIC,103397252725.427,92857146579.1376,334550433070.89,313177930727.61,320486304369.627,340766893000.947,359606506362.265,346629904984.129,368858248547.458,443043906338.809,548029255918.067,..
Households and NPISHs Final consumption expenditure (current US$),NE.CON.PRVT.CD,Lower middle income,LMC,529322474166.992,858871258121.502,3380203570430.3,3591191643221.4,3861161146709.59,4049811096826.39,4273332776984.02,4192660204467.83,4805877933084.44,5140521758838.64,5223535095625.59,..
Households and NPISHs Final consumption expenditure (current US$),NE.CON.PRVT.CD,Middle East & North Africa,MEA,466175290180.471,486034592561.19,1643993669646.52,1695891539411.77,1697915435380.32,1700861074649.46,1748952326921.08,1690312664470.11,1878078286049.01,2062536328742.16,2081819915691.76,..
Households and NPISHs Final consumption expenditure (current US$),NE.CON.PRVT.CD,Middle East & North Africa (excluding high income),MNA,301365964057.541,255446387852.936,924814591444.072,941932697284.289,900012074905.536,869107411522.189,884025730689.495,860709344773.085,943585652876.632,1024968550375,994790500345.44,..
Households and NPISHs Final consumption expenditure (current US$),NE.CON.PRVT.CD,Middle East & North Africa (IDA & IBRD countries),TMN,297063156611.481,251578921901.92,912466291444.072,928398697284.289,885710274905.536,854639311522.189,868597830689.495,846930544773.085,927557352876.632,1005761343696.54,977205075705.512,..
Households and NPISHs Final consumption expenditure (current US$),NE.CON.PRVT.CD,Middle income,MIC,2015196026858.81,3417352218453.96,12870595062881.3,13152750459435.5,14304582428907.3,15022867755650.2,15514665408567.4,14716069306659.4,17120112294478.8,18020136202454.3,19170879322306.6,..
Households and NPISHs Final consumption expenditure (current US$),NE.CON.PRVT.CD,North America,NAC,4143027281175.81,7175373244983.33,13200477428032.2,13623854625491.5,14250321036022.4,14936706755327.8,15448200011725.5,15169768142822,17205780880579,18857181831857.8,20008540192447.9,..
Households and NPISHs Final consumption expenditure (current US$),NE.CON.PRVT.CD,Not classified,INX,..,..,..,..,..,..,..,..,..,..,..,..
Households and NPISHs Final consumption expenditure (current US$),NE.CON.PRVT.CD,OECD members,OED,11007247572478.8,16668481439605.1,28711573898358.1,29287309997369.8,30476809203336.7,32105829637571.6,32329943742735.8,31039662196587.9,34741744317681.7,36265287848264,39075303523719.9,..
Households and NPISHs Final consumption expenditure (current US$),NE.CON.PRVT.CD,Other small states,OSS,17900875768.4553,29181581000.8977,78915469299.0934,83071512892.3104,90788417213.1798,99269903407.9333,99419532726.0746,92722235240.578,103796032516.104,111799744112.079,123121041698.573,..
Households and NPISHs Final consumption expenditure (current US$),NE.CON.PRVT.CD,Pacific island small states,PSS,..,..,6066190940.92884,6433373920.48752,6908736467.53207,7284357130.99802,7378336958.85153,6899639767.89327,7259630682.45094,7866397321.28062,..,..
Households and NPISHs Final consumption expenditure (current US$),NE.CON.PRVT.CD,Post-demographic dividend,PST,10689520842562,15809341991785.6,26895691066767.1,27540195902869,28639163918470.2,30263378414878.4,30510617221108.9,29405529687496.1,32774113892893.3,34015374592782.2,36397733300877.8,..
Households and NPISHs Final consumption expenditure (current US$),NE.CON.PRVT.CD,Pre-demographic dividend,PRE,..,..,..,..,..,..,..,..,..,..,..,..
Households and NPISHs Final consumption expenditure (current US$),NE.CON.PRVT.CD,Small states,SST,24167837737.863,40846392684.3983,104094004313.278,109253472689.313,118914502089.889,129019193407.152,128830696253.982,119012042956.311,133719167808.863,144292673941.101,159127762365.766,..
Households and NPISHs Final consumption expenditure (current US$),NE.CON.PRVT.CD,South Asia,SAS,282143756954.462,436255284222.441,1716859458637.61,1885112592880.05,2129999327135.55,2216506346477.16,2335224398794.86,2231830236281.45,2608482657283.56,2785861541231.13,2847973659155,..
Households and NPISHs Final consumption expenditure (current US$),NE.CON.PRVT.CD,South Asia (IDA & IBRD),TSA,282143756954.462,436255284222.441,1716859458637.61,1885112592880.05,2129999327135.55,2216506346477.16,2335224398794.86,2231830236281.45,2608482657283.56,2785861541231.13,2847973659155,..
Households and NPISHs Final consumption expenditure (current US$),NE.CON.PRVT.CD,Sub-Saharan Africa,SSF,314339266178.568,349875229853.616,1123862278060.13,1077098527396.01,1190928872146.08,1307276997301.39,1308181015168.53,1241418053397.84,1407931793376.9,1511442472043.46,1655892115428.53,..
Households and NPISHs Final consumption expenditure (current US$),NE.CON.PRVT.CD,Sub-Saharan Africa (excluding high income),SSA,314157095087.297,349658777751.428,1123042298592.79,1076042903813.11,1189795377139.56,1305998845590.73,1306884173733.82,1240388023983.28,1406670539860.92,1509731483147.69,1654165187283.27,..
Households and NPISHs Final consumption expenditure (current US$),NE.CON.PRVT.CD,Sub-Saharan Africa (IDA & IBRD countries),TSS,314339266178.568,349875229853.616,1123862278060.13,1077098527396.01,1190928872146.08,1307276997301.39,1308181015168.53,1241418053397.84,1407931793376.9,1511442472043.46,1655892115428.53,..
Households and NPISHs Final consumption expenditure (current US$),NE.CON.PRVT.CD,Upper middle income,UMC,1501800299765.21,2578415941321.45,9586191437680.67,9675535547201.68,10562020340892.3,11096981141650.3,11380256863293.7,10671829285412.6,12478655725031.6,13062736157557.6,14113158501736.9,..
Households and NPISHs Final consumption expenditure (current US$),NE.CON.PRVT.CD,World,WLD,13526104905448.6,20331042484868.8,42749196157991.3,43684788507425.4,46238981993199.4,48743986662133.8,49534244571725.5,47430879875148.4,53658537656053.6,56237421387431.2,59977017349402,..
,,,,,,,,,,,,,,,
,,,,,,,,,,,,,,,
,,,,,,,,,,,,,,,
Data from database: World Development Indicators,,,,,,,,,,,,,,,
Last Updated: 04/15/2025,,,,,,,,,,,,,,,
